name,type,start_time,duration,"data"
"Async Serial [1]","data",4.4938945,0.000247375,0x54
"Async Serial [1]","data",4.494147625,0.000247375,0x51
"Async Serial [1]","data",4.494400875,0.000247375,0x46
"Async Serial [1]","data",4.494654,0.000247375,0x0F
"Async Serial [1]","data",4.49490725,0.000247375,0x02
"Async Serial [1]","data",4.4951605,0.000247375,0x52
"Async Serial [1]","data",4.495413625,0.000247375,0x7E
"Async Serial [1]","data",4.495666875,0.000247375,0xC8
"Async Serial [1]","data",4.49592,0.000247375,0x01
"Async Serial [1]","data",4.49617325,0.000247375,0x00
"Async Serial [1]","data",4.496426375,0.000247375,0x00
"Async Serial [1]","data",4.496679625,0.000247375,0x1D
"Async Serial [1]","data",4.49693275,0.000247375,0x14
"Async Serial [1]","data",4.498225875,0.000247375,0x54
"Async Serial [1]","data",4.498479375,0.000247375,0x52
"Async Serial [1]","data",4.498733,0.000247375,0x42
"Async Serial [1]","data",4.4989865,0.000247375,0x02
"Async Serial [1]","data",4.49924,0.000247375,0x0F
"Async Serial [1]","data",4.499493625,0.000247375,0x52
"Async Serial [1]","data",4.499747125,0.000247375,0x7E
"Async Serial [1]","data",4.50000075,0.000247375,0x98
"Async Serial [1]","data",4.50025425,0.000247375,0xE2
"Async Serial [1]","data",4.524316125,0.000247375,0x54
"Async Serial [1]","data",4.524569625,0.000247375,0x51
"Async Serial [1]","data",4.52482325,0.000247375,0x46
"Async Serial [1]","data",4.52507675,0.000247375,0x02
"Async Serial [1]","data",4.525330375,0.000247375,0x0F
"Async Serial [1]","data",4.525583875,0.000247375,0x52
"Async Serial [1]","data",4.525837375,0.000247375,0xCE
"Async Serial [1]","data",4.526091,0.000247375,0x0A
"Async Serial [1]","data",4.5263445,0.000247375,0x04
"Async Serial [1]","data",4.526598125,0.000247375,0x00
"Async Serial [1]","data",4.526851625,0.000247375,0x01
"Async Serial [1]","data",4.527105125,0.000247375,0x2A
"Async Serial [1]","data",4.52735875,0.000247375,0x59
"Async Serial [1]","data",4.528556625,0.000247375,0x54
"Async Serial [1]","data",4.528809875,0.000247375,0x52
"Async Serial [1]","data",4.529063125,0.000247375,0x43
"Async Serial [1]","data",4.52931625,0.000247375,0x0F
"Async Serial [1]","data",4.5295695,0.000247375,0x02
"Async Serial [1]","data",4.529822625,0.000247375,0x52
"Async Serial [1]","data",4.530075875,0.000247375,0xCE
"Async Serial [1]","data",4.530329,0.000247375,0x0A
"Async Serial [1]","data",4.53058225,0.000247375,0x02
"Async Serial [1]","data",4.530835375,0.000247375,0xAA
"Async Serial [1]","data",5.47723225,0.000247375,0x54
"Async Serial [1]","data",5.47748575,0.000247375,0x51
"Async Serial [1]","data",5.477739375,0.000247375,0x46
"Async Serial [1]","data",5.477992875,0.000247375,0x02
"Async Serial [1]","data",5.478246375,0.000247375,0x0F
"Async Serial [1]","data",5.4785,0.000247375,0x52
"Async Serial [1]","data",5.4787535,0.000247375,0xCF
"Async Serial [1]","data",5.479007125,0.000247375,0x0A
"Async Serial [1]","data",5.479260625,0.000247375,0x04
"Async Serial [1]","data",5.479514125,0.000247375,0x00
"Async Serial [1]","data",5.47976775,0.000247375,0x01
"Async Serial [1]","data",5.48002125,0.000247375,0x80
"Async Serial [1]","data",5.480274875,0.000247375,0x08
"Async Serial [1]","data",5.481473,0.000247375,0x54
"Async Serial [1]","data",5.48172625,0.000247375,0x52
"Async Serial [1]","data",5.481979375,0.000247375,0x43
"Async Serial [1]","data",5.482232625,0.000247375,0x0F
"Async Serial [1]","data",5.48248575,0.000247375,0x02
"Async Serial [1]","data",5.482739,0.000247375,0x52
"Async Serial [1]","data",5.482992125,0.000247375,0xCF
"Async Serial [1]","data",5.483245375,0.000247375,0x0A
"Async Serial [1]","data",5.4834985,0.000247375,0x31
"Async Serial [1]","data",5.48375175,0.000247375,0x9B
"Async Serial [1]","data",5.721781,0.000247375,0x54
"Async Serial [1]","data",5.7220345,0.000247375,0x51
"Async Serial [1]","data",5.722288125,0.000247375,0x46
"Async Serial [1]","data",5.722541625,0.000247375,0x02
"Async Serial [1]","data",5.722795125,0.000247375,0x0F
"Async Serial [1]","data",5.72304875,0.000247375,0x52
"Async Serial [1]","data",5.72330225,0.000247375,0xD0
"Async Serial [1]","data",5.723555875,0.000247375,0x0A
"Async Serial [1]","data",5.723809375,0.000247375,0x04
"Async Serial [1]","data",5.724062875,0.000247375,0x00
"Async Serial [1]","data",5.7243165,0.000247375,0x01
"Async Serial [1]","data",5.72457,0.000247375,0xE1
"Async Serial [1]","data",5.724823625,0.000247375,0xAB
"Async Serial [1]","data",5.72600675,0.000247375,0x54
"Async Serial [1]","data",5.72626,0.000247375,0x52
"Async Serial [1]","data",5.726513125,0.000247375,0x43
"Async Serial [1]","data",5.726766375,0.000247375,0x0F
"Async Serial [1]","data",5.7270195,0.000247375,0x02
"Async Serial [1]","data",5.72727275,0.000247375,0x52
"Async Serial [1]","data",5.727526,0.000247375,0xD0
"Async Serial [1]","data",5.727779125,0.000247375,0x0A
"Async Serial [1]","data",5.728032375,0.000247375,0x22
"Async Serial [1]","data",5.7282855,0.000247375,0xD6
"Async Serial [1]","data",5.7416795,0.000247375,0x54
"Async Serial [1]","data",5.741932625,0.000247375,0x51
"Async Serial [1]","data",5.742185875,0.000247375,0x46
"Async Serial [1]","data",5.742439,0.000247375,0x0F
"Async Serial [1]","data",5.74269225,0.000247375,0x02
"Async Serial [1]","data",5.742945375,0.000247375,0x52
"Async Serial [1]","data",5.743198625,0.000247375,0x7F
"Async Serial [1]","data",5.74345175,0.000247375,0xC8
"Async Serial [1]","data",5.743705,0.000247375,0x01
"Async Serial [1]","data",5.743958125,0.000247375,0x00
"Async Serial [1]","data",5.744211375,0.000247375,0x00
"Async Serial [1]","data",5.744464625,0.000247375,0xB7
"Async Serial [1]","data",5.74471775,0.000247375,0x45
"Async Serial [1]","data",5.74594425,0.000247375,0x54
"Async Serial [1]","data",5.746197875,0.000247375,0x52
"Async Serial [1]","data",5.746451375,0.000247375,0x42
"Async Serial [1]","data",5.746704875,0.000247375,0x02
"Async Serial [1]","data",5.7469585,0.000247375,0x0F
"Async Serial [1]","data",5.747212,0.000247375,0x52
"Async Serial [1]","data",5.747465625,0.000247375,0x7F
"Async Serial [1]","data",5.747719125,0.000247375,0x88
"Async Serial [1]","data",5.747972625,0.000247375,0xC3
"Async Serial [1]","data",5.750558875,0.000247375,0x54
"Async Serial [1]","data",5.750812375,0.000247375,0x51
"Async Serial [1]","data",5.751066,0.000247375,0x46
"Async Serial [1]","data",5.7513195,0.000247375,0x02
"Async Serial [1]","data",5.751573125,0.000247375,0x0F
"Async Serial [1]","data",5.751826625,0.000247375,0x52
"Async Serial [1]","data",5.752080125,0.000247375,0xD1
"Async Serial [1]","data",5.75233375,0.000247375,0x0A
"Async Serial [1]","data",5.75258725,0.000247375,0x01
"Async Serial [1]","data",5.752840875,0.000247375,0x00
"Async Serial [1]","data",5.753094375,0.000247375,0x01
"Async Serial [1]","data",5.753347875,0.000247375,0xA0
"Async Serial [1]","data",5.7536015,0.000247375,0x0A
"Async Serial [1]","data",5.7547695,0.000247375,0x54
"Async Serial [1]","data",5.75502275,0.000247375,0x52
"Async Serial [1]","data",5.755275875,0.000247375,0x43
"Async Serial [1]","data",5.755529125,0.000247375,0x0F
"Async Serial [1]","data",5.75578225,0.000247375,0x02
"Async Serial [1]","data",5.7560355,0.000247375,0x52
"Async Serial [1]","data",5.75628875,0.000247375,0xD1
"Async Serial [1]","data",5.756541875,0.000247375,0x0A
"Async Serial [1]","data",5.756795125,0.000247375,0x11
"Async Serial [1]","data",5.75704825,0.000247375,0xE7
"Async Serial [1]","data",6.726700125,0.000247375,0x54
"Async Serial [1]","data",6.726953625,0.000247375,0x51
"Async Serial [1]","data",6.72720725,0.000247375,0x46
"Async Serial [1]","data",6.72746075,0.000247375,0x02
"Async Serial [1]","data",6.72771425,0.000247375,0x0F
"Async Serial [1]","data",6.727967875,0.000247375,0x52
"Async Serial [1]","data",6.728221375,0.000247375,0xD2
"Async Serial [1]","data",6.728475,0.000247375,0x0A
"Async Serial [1]","data",6.7287285,0.000247375,0x01
"Async Serial [1]","data",6.728982,0.000247375,0x00
"Async Serial [1]","data",6.729235625,0.000247375,0x01
"Async Serial [1]","data",6.729489125,0.000247375,0x4E
"Async Serial [1]","data",6.72974275,0.000247375,0xD8
"Async Serial [1]","data",6.730928625,0.000247375,0x54
"Async Serial [1]","data",6.73118175,0.000247375,0x52
"Async Serial [1]","data",6.731435,0.000247375,0x43
"Async Serial [1]","data",6.73168825,0.000247375,0x0F
"Async Serial [1]","data",6.731941375,0.000247375,0x02
"Async Serial [1]","data",6.732194625,0.000247375,0x52
"Async Serial [1]","data",6.73244775,0.000247375,0xD2
"Async Serial [1]","data",6.732701,0.000247375,0x0A
"Async Serial [1]","data",6.732954125,0.000247375,0x44
"Async Serial [1]","data",6.733207375,0.000247375,0xB4
"Async Serial [1]","data",6.976624125,0.000247375,0x54
"Async Serial [1]","data",6.976877625,0.000247375,0x51
"Async Serial [1]","data",6.97713125,0.000247375,0x46
"Async Serial [1]","data",6.97738475,0.000247375,0x02
"Async Serial [1]","data",6.97763825,0.000247375,0x0F
"Async Serial [1]","data",6.977891875,0.000247375,0x52
"Async Serial [1]","data",6.978145375,0.000247375,0xD3
"Async Serial [1]","data",6.978399,0.000247375,0x0A
"Async Serial [1]","data",6.9786525,0.000247375,0x01
"Async Serial [1]","data",6.978906,0.000247375,0x00
"Async Serial [1]","data",6.979159625,0.000247375,0x01
"Async Serial [1]","data",6.979413125,0.000247375,0xE4
"Async Serial [1]","data",6.97966675,0.000247375,0x89
"Async Serial [1]","data",6.980829875,0.000247375,0x54
"Async Serial [1]","data",6.981083,0.000247375,0x52
"Async Serial [1]","data",6.98133625,0.000247375,0x43
"Async Serial [1]","data",6.981589375,0.000247375,0x0F
"Async Serial [1]","data",6.981842625,0.000247375,0x02
"Async Serial [1]","data",6.98209575,0.000247375,0x52
"Async Serial [1]","data",6.982349,0.000247375,0xD3
"Async Serial [1]","data",6.982602125,0.000247375,0x0A
"Async Serial [1]","data",6.982855375,0.000247375,0x77
"Async Serial [1]","data",6.9831085,0.000247375,0x85
"Async Serial [1]","data",7.613229375,0.000247375,0x54
"Async Serial [1]","data",7.613482625,0.000247375,0x51
"Async Serial [1]","data",7.61373575,0.000247375,0x46
"Async Serial [1]","data",7.613989,0.000247375,0x0F
"Async Serial [1]","data",7.61424225,0.000247375,0x02
"Async Serial [1]","data",7.614495375,0.000247375,0x52
"Async Serial [1]","data",7.614748625,0.000247375,0x80
"Async Serial [1]","data",7.61500175,0.000247375,0xC8
"Async Serial [1]","data",7.615255,0.000247375,0x01
"Async Serial [1]","data",7.615508125,0.000247375,0x00
"Async Serial [1]","data",7.615761375,0.000247375,0x00
"Async Serial [1]","data",7.6160145,0.000247375,0xED
"Async Serial [1]","data",7.61626775,0.000247375,0xEA
"Async Serial [1]","data",7.61752175,0.000247375,0x54
"Async Serial [1]","data",7.617775375,0.000247375,0x52
"Async Serial [1]","data",7.618028875,0.000247375,0x42
"Async Serial [1]","data",7.6182825,0.000247375,0x02
"Async Serial [1]","data",7.618536,0.000247375,0x0F
"Async Serial [1]","data",7.6187895,0.000247375,0x52
"Async Serial [1]","data",7.619043125,0.000247375,0x80
"Async Serial [1]","data",7.619296625,0.000247375,0x96
"Async Serial [1]","data",7.61955025,0.000247375,0x33
"Async Serial [1]","data",7.640239875,0.000247375,0x54
"Async Serial [1]","data",7.640493375,0.000247375,0x51
"Async Serial [1]","data",7.640747,0.000247375,0x46
"Async Serial [1]","data",7.6410005,0.000247375,0x02
"Async Serial [1]","data",7.641254,0.000247375,0x0F
"Async Serial [1]","data",7.641507625,0.000247375,0x52
"Async Serial [1]","data",7.641761125,0.000247375,0xD4
"Async Serial [1]","data",7.64201475,0.000247375,0x0A
"Async Serial [1]","data",7.64226825,0.000247375,0x02
"Async Serial [1]","data",7.64252175,0.000247375,0x00
"Async Serial [1]","data",7.642775375,0.000247375,0x01
"Async Serial [1]","data",7.643028875,0.000247375,0xDA
"Async Serial [1]","data",7.6432825,0.000247375,0x0D
"Async Serial [1]","data",7.64449875,0.000247375,0x54
"Async Serial [1]","data",7.644752,0.000247375,0x52
"Async Serial [1]","data",7.645005125,0.000247375,0x43
"Async Serial [1]","data",7.645258375,0.000247375,0x0F
"Async Serial [1]","data",7.6455115,0.000247375,0x02
"Async Serial [1]","data",7.64576475,0.000247375,0x52
"Async Serial [1]","data",7.646017875,0.000247375,0xD4
"Async Serial [1]","data",7.646271125,0.000247375,0x0A
"Async Serial [1]","data",7.64652425,0.000247375,0xEE
"Async Serial [1]","data",7.6467775,0.000247375,0x12
"Async Serial [1]","data",8.600965125,0.000247375,0x54
"Async Serial [1]","data",8.60121875,0.000247375,0x51
"Async Serial [1]","data",8.60147225,0.000247375,0x46
"Async Serial [1]","data",8.60172575,0.000247375,0x02
"Async Serial [1]","data",8.601979375,0.000247375,0x0F
"Async Serial [1]","data",8.602232875,0.000247375,0x52
"Async Serial [1]","data",8.6024865,0.000247375,0xD5
"Async Serial [1]","data",8.60274,0.000247375,0x0A
"Async Serial [1]","data",8.6029935,0.000247375,0x02
"Async Serial [1]","data",8.603247125,0.000247375,0x00
"Async Serial [1]","data",8.603500625,0.000247375,0x01
"Async Serial [1]","data",8.60375425,0.000247375,0x70
"Async Serial [1]","data",8.60400775,0.000247375,0x5C
"Async Serial [1]","data",8.605213125,0.000247375,0x54
"Async Serial [1]","data",8.60546625,0.000247375,0x52
"Async Serial [1]","data",8.6057195,0.000247375,0x43
"Async Serial [1]","data",8.605972625,0.000247375,0x0F
"Async Serial [1]","data",8.606225875,0.000247375,0x02
"Async Serial [1]","data",8.606479,0.000247375,0x52
"Async Serial [1]","data",8.60673225,0.000247375,0xD5
"Async Serial [1]","data",8.606985375,0.000247375,0x0A
"Async Serial [1]","data",8.607238625,0.000247375,0xDD
"Async Serial [1]","data",8.60749175,0.000247375,0x23
"Async Serial [1]","data",8.725889125,0.000247375,0x54
"Async Serial [1]","data",8.726142625,0.000247375,0x51
"Async Serial [1]","data",8.72639625,0.000247375,0x46
"Async Serial [1]","data",8.72664975,0.000247375,0x02
"Async Serial [1]","data",8.72690325,0.000247375,0x0F
"Async Serial [1]","data",8.727156875,0.000247375,0x52
"Async Serial [1]","data",8.727410375,0.000247375,0xD6
"Async Serial [1]","data",8.727664,0.000247375,0x0A
"Async Serial [1]","data",8.7279175,0.000247375,0x02
"Async Serial [1]","data",8.728171,0.000247375,0x00
"Async Serial [1]","data",8.728424625,0.000247375,0x01
"Async Serial [1]","data",8.728678125,0.000247375,0x9E
"Async Serial [1]","data",8.72893175,0.000247375,0x8E
"Async Serial [1]","data",8.730138375,0.000247375,0x54
"Async Serial [1]","data",8.7303915,0.000247375,0x52
"Async Serial [1]","data",8.73064475,0.000247375,0x43
"Async Serial [1]","data",8.730897875,0.000247375,0x0F
"Async Serial [1]","data",8.731151125,0.000247375,0x02
"Async Serial [1]","data",8.73140425,0.000247375,0x52
"Async Serial [1]","data",8.7316575,0.000247375,0xD6
"Async Serial [1]","data",8.73191075,0.000247375,0x0A
"Async Serial [1]","data",8.732163875,0.000247375,0x88
"Async Serial [1]","data",8.732417125,0.000247375,0x70
"Async Serial [1]","data",9.48483,0.000247375,0x54
"Async Serial [1]","data",9.485083125,0.000247375,0x51
"Async Serial [1]","data",9.485336375,0.000247375,0x46
"Async Serial [1]","data",9.4855895,0.000247375,0x0F
"Async Serial [1]","data",9.48584275,0.000247375,0x02
"Async Serial [1]","data",9.486096,0.000247375,0x52
"Async Serial [1]","data",9.486349125,0.000247375,0x81
"Async Serial [1]","data",9.486602375,0.000247375,0xC8
"Async Serial [1]","data",9.4868555,0.000247375,0x01
"Async Serial [1]","data",9.48710875,0.000247375,0x00
"Async Serial [1]","data",9.487361875,0.000247375,0x00
"Async Serial [1]","data",9.487615125,0.000247375,0x47
"Async Serial [1]","data",9.48786825,0.000247375,0xBB
"Async Serial [1]","data",9.48917525,0.000247375,0x54
"Async Serial [1]","data",9.48942875,0.000247375,0x52
"Async Serial [1]","data",9.48968225,0.000247375,0x42
"Async Serial [1]","data",9.489935875,0.000247375,0x02
"Async Serial [1]","data",9.490189375,0.000247375,0x0F
"Async Serial [1]","data",9.490443,0.000247375,0x52
"Async Serial [1]","data",9.4906965,0.000247375,0x81
"Async Serial [1]","data",9.49095,0.000247375,0x86
"Async Serial [1]","data",9.491203625,0.000247375,0x12
"Async Serial [1]","data",9.514504875,0.000247375,0x54
"Async Serial [1]","data",9.514758375,0.000247375,0x51
"Async Serial [1]","data",9.515011875,0.000247375,0x46
"Async Serial [1]","data",9.5152655,0.000247375,0x02
"Async Serial [1]","data",9.515519,0.000247375,0x0F
"Async Serial [1]","data",9.515772625,0.000247375,0x52
"Async Serial [1]","data",9.516026125,0.000247375,0xD7
"Async Serial [1]","data",9.516279625,0.000247375,0x0A
"Async Serial [1]","data",9.51653325,0.000247375,0x03
"Async Serial [1]","data",9.51678675,0.000247375,0x00
"Async Serial [1]","data",9.517040375,0.000247375,0x01
"Async Serial [1]","data",9.517293875,0.000247375,0x03
"Async Serial [1]","data",9.517547375,0.000247375,0xEF
"Async Serial [1]","data",9.518757875,0.000247375,0x54
"Async Serial [1]","data",9.519011125,0.000247375,0x52
"Async Serial [1]","data",9.51926425,0.000247375,0x43
"Async Serial [1]","data",9.5195175,0.000247375,0x0F
"Async Serial [1]","data",9.519770625,0.000247375,0x02
"Async Serial [1]","data",9.520023875,0.000247375,0x52
"Async Serial [1]","data",9.520277,0.000247375,0xD7
"Async Serial [1]","data",9.52053025,0.000247375,0x0A
"Async Serial [1]","data",9.5207835,0.000247375,0xBB
"Async Serial [1]","data",9.521036625,0.000247375,0x41
"Async Serial [1]","data",10.47520475,0.000247375,0x54
"Async Serial [1]","data",10.47545825,0.000247375,0x51
"Async Serial [1]","data",10.475711875,0.000247375,0x46
"Async Serial [1]","data",10.475965375,0.000247375,0x02
"Async Serial [1]","data",10.476218875,0.000247375,0x0F
"Async Serial [1]","data",10.4764725,0.000247375,0x52
"Async Serial [1]","data",10.476726,0.000247375,0xD8
"Async Serial [1]","data",10.4769795,0.000247375,0x0A
"Async Serial [1]","data",10.477233125,0.000247375,0x03
"Async Serial [1]","data",10.477486625,0.000247375,0x00
"Async Serial [1]","data",10.47774025,0.000247375,0x01
"Async Serial [1]","data",10.47799375,0.000247375,0x66
"Async Serial [1]","data",10.47824725,0.000247375,0x16
"Async Serial [1]","data",10.479421625,0.000247375,0x54
"Async Serial [1]","data",10.479674875,0.000247375,0x52
"Async Serial [1]","data",10.479928,0.000247375,0x43
"Async Serial [1]","data",10.48018125,0.000247375,0x0F
"Async Serial [1]","data",10.480434375,0.000247375,0x02
"Async Serial [1]","data",10.480687625,0.000247375,0x52
"Async Serial [1]","data",10.480940875,0.000247375,0xD8
"Async Serial [1]","data",10.481194,0.000247375,0x0A
"Async Serial [1]","data",10.48144725,0.000247375,0xAB
"Async Serial [1]","data",10.481700375,0.000247375,0x7F
"Async Serial [1]","data",10.719753375,0.000247375,0x54
"Async Serial [1]","data",10.720007,0.000247375,0x51
"Async Serial [1]","data",10.7202605,0.000247375,0x46
"Async Serial [1]","data",10.720514125,0.000247375,0x02
"Async Serial [1]","data",10.720767625,0.000247375,0x0F
"Async Serial [1]","data",10.721021125,0.000247375,0x52
"Async Serial [1]","data",10.72127475,0.000247375,0xD9
"Async Serial [1]","data",10.72152825,0.000247375,0x0A
"Async Serial [1]","data",10.721781875,0.000247375,0x03
"Async Serial [1]","data",10.722035375,0.000247375,0x00
"Async Serial [1]","data",10.722288875,0.000247375,0x01
"Async Serial [1]","data",10.7225425,0.000247375,0xCC
"Async Serial [1]","data",10.722796,0.000247375,0x47
"Async Serial [1]","data",10.72395525,0.000247375,0x54
"Async Serial [1]","data",10.724208375,0.000247375,0x52
"Async Serial [1]","data",10.724461625,0.000247375,0x43
"Async Serial [1]","data",10.72471475,0.000247375,0x0F
"Async Serial [1]","data",10.724968,0.000247375,0x02
"Async Serial [1]","data",10.725221125,0.000247375,0x52
"Async Serial [1]","data",10.725474375,0.000247375,0xD9
"Async Serial [1]","data",10.725727625,0.000247375,0x0A
"Async Serial [1]","data",10.72598075,0.000247375,0x98
"Async Serial [1]","data",10.726234,0.000247375,0x4E
"Async Serial [1]","data",11.481205125,0.000247375,0x54
"Async Serial [1]","data",11.48145825,0.000247375,0x51
"Async Serial [1]","data",11.4817115,0.000247375,0x46
"Async Serial [1]","data",11.481964625,0.000247375,0x0F
"Async Serial [1]","data",11.482217875,0.000247375,0x02
"Async Serial [1]","data",11.482471,0.000247375,0x52
"Async Serial [1]","data",11.48272425,0.000247375,0x82
"Async Serial [1]","data",11.482977375,0.000247375,0xC8
"Async Serial [1]","data",11.483230625,0.000247375,0x01
"Async Serial [1]","data",11.48348375,0.000247375,0x00
"Async Serial [1]","data",11.483737,0.000247375,0x00
"Async Serial [1]","data",11.48399025,0.000247375,0xA9
"Async Serial [1]","data",11.484243375,0.000247375,0x69
"Async Serial [1]","data",11.485473625,0.000247375,0x54
"Async Serial [1]","data",11.485727125,0.000247375,0x52
"Async Serial [1]","data",11.485980625,0.000247375,0x42
"Async Serial [1]","data",11.48623425,0.000247375,0x02
"Async Serial [1]","data",11.48648775,0.000247375,0x0F
"Async Serial [1]","data",11.486741375,0.000247375,0x52
"Async Serial [1]","data",11.486994875,0.000247375,0x82
"Async Serial [1]","data",11.487248375,0.000247375,0xB6
"Async Serial [1]","data",11.487502,0.000247375,0x71
"Async Serial [1]","data",11.505859,0.000247375,0x54
"Async Serial [1]","data",11.5061125,0.000247375,0x51
"Async Serial [1]","data",11.506366125,0.000247375,0x46
"Async Serial [1]","data",11.506619625,0.000247375,0x02
"Async Serial [1]","data",11.506873125,0.000247375,0x0F
"Async Serial [1]","data",11.50712675,0.000247375,0x52
"Async Serial [1]","data",11.50738025,0.000247375,0xDA
"Async Serial [1]","data",11.507633875,0.000247375,0x0A
"Async Serial [1]","data",11.507887375,0.000247375,0x04
"Async Serial [1]","data",11.508140875,0.000247375,0x00
"Async Serial [1]","data",11.5083945,0.000247375,0x01
"Async Serial [1]","data",11.508648,0.000247375,0xA7
"Async Serial [1]","data",11.508901625,0.000247375,0x05
"Async Serial [1]","data",11.510069125,0.000247375,0x54
"Async Serial [1]","data",11.510322375,0.000247375,0x52
"Async Serial [1]","data",11.5105755,0.000247375,0x43
"Async Serial [1]","data",11.51082875,0.000247375,0x0F
"Async Serial [1]","data",11.511081875,0.000247375,0x02
"Async Serial [1]","data",11.511335125,0.000247375,0x52
"Async Serial [1]","data",11.51158825,0.000247375,0xDA
"Async Serial [1]","data",11.5118415,0.000247375,0x0A
"Async Serial [1]","data",11.512094625,0.000247375,0xCD
"Async Serial [1]","data",11.512347875,0.000247375,0x1D
"Async Serial [1]","data",12.354619625,0.000247375,0x54
"Async Serial [1]","data",12.354872875,0.000247375,0x51
"Async Serial [1]","data",12.355126,0.000247375,0x46
"Async Serial [1]","data",12.35537925,0.000247375,0x0F
"Async Serial [1]","data",12.355632375,0.000247375,0x02
"Async Serial [1]","data",12.355885625,0.000247375,0x52
"Async Serial [1]","data",12.35613875,0.000247375,0x83
"Async Serial [1]","data",12.356392,0.000247375,0xC8
"Async Serial [1]","data",12.356645125,0.000247375,0x01
"Async Serial [1]","data",12.356898375,0.000247375,0x00
"Async Serial [1]","data",12.3571515,0.000247375,0x00
"Async Serial [1]","data",12.35740475,0.000247375,0x03
"Async Serial [1]","data",12.357658,0.000247375,0x38
"Async Serial [1]","data",12.358901625,0.000247375,0x54
"Async Serial [1]","data",12.35915525,0.000247375,0x52
"Async Serial [1]","data",12.35940875,0.000247375,0x42
"Async Serial [1]","data",12.359662375,0.000247375,0x02
"Async Serial [1]","data",12.359915875,0.000247375,0x0F
"Async Serial [1]","data",12.360169375,0.000247375,0x52
"Async Serial [1]","data",12.360423,0.000247375,0x83
"Async Serial [1]","data",12.3606765,0.000247375,0xA6
"Async Serial [1]","data",12.360930125,0.000247375,0x50
"Async Serial [1]","data",12.380504125,0.000247375,0x54
"Async Serial [1]","data",12.380757625,0.000247375,0x51
"Async Serial [1]","data",12.38101125,0.000247375,0x46
"Async Serial [1]","data",12.38126475,0.000247375,0x02
"Async Serial [1]","data",12.381518375,0.000247375,0x0F
"Async Serial [1]","data",12.381771875,0.000247375,0x52
"Async Serial [1]","data",12.382025375,0.000247375,0xDB
"Async Serial [1]","data",12.382279,0.000247375,0x0A
"Async Serial [1]","data",12.3825325,0.000247375,0x01
"Async Serial [1]","data",12.382786125,0.000247375,0x00
"Async Serial [1]","data",12.383039625,0.000247375,0x01
"Async Serial [1]","data",12.383293125,0.000247375,0xE6
"Async Serial [1]","data",12.38354675,0.000247375,0xA4
"Async Serial [1]","data",12.384749625,0.000247375,0x54
"Async Serial [1]","data",12.38500275,0.000247375,0x52
"Async Serial [1]","data",12.385256,0.000247375,0x43
"Async Serial [1]","data",12.38550925,0.000247375,0x0F
"Async Serial [1]","data",12.385762375,0.000247375,0x02
"Async Serial [1]","data",12.386015625,0.000247375,0x52
"Async Serial [1]","data",12.38626875,0.000247375,0xDB
"Async Serial [1]","data",12.386522,0.000247375,0x0A
"Async Serial [1]","data",12.386775125,0.000247375,0xFE
"Async Serial [1]","data",12.387028375,0.000247375,0x2C
"Async Serial [1]","data",13.34903875,0.000247375,0x54
"Async Serial [1]","data",13.34929225,0.000247375,0x51
"Async Serial [1]","data",13.34954575,0.000247375,0x46
"Async Serial [1]","data",13.349799375,0.000247375,0x02
"Async Serial [1]","data",13.350052875,0.000247375,0x0F
"Async Serial [1]","data",13.3503065,0.000247375,0x52
"Async Serial [1]","data",13.35056,0.000247375,0xDC
"Async Serial [1]","data",13.3508135,0.000247375,0x0A
"Async Serial [1]","data",13.351067125,0.000247375,0x01
"Async Serial [1]","data",13.351320625,0.000247375,0x00
"Async Serial [1]","data",13.35157425,0.000247375,0x01
"Async Serial [1]","data",13.35182775,0.000247375,0x81
"Async Serial [1]","data",13.35208125,0.000247375,0x70
"Async Serial [1]","data",13.353288375,0.000247375,0x54
"Async Serial [1]","data",13.353541625,0.000247375,0x52
"Async Serial [1]","data",13.35379475,0.000247375,0x43
"Async Serial [1]","data",13.354048,0.000247375,0x0F
"Async Serial [1]","data",13.354301125,0.000247375,0x02
"Async Serial [1]","data",13.354554375,0.000247375,0x52
"Async Serial [1]","data",13.3548075,0.000247375,0xDC
"Async Serial [1]","data",13.35506075,0.000247375,0x0A
"Async Serial [1]","data",13.355313875,0.000247375,0x67
"Async Serial [1]","data",13.355567125,0.000247375,0xBB
"Async Serial [1]","data",13.468536625,0.000247375,0x54
"Async Serial [1]","data",13.46879025,0.000247375,0x51
"Async Serial [1]","data",13.46904375,0.000247375,0x46
"Async Serial [1]","data",13.469297375,0.000247375,0x02
"Async Serial [1]","data",13.469550875,0.000247375,0x0F
"Async Serial [1]","data",13.469804375,0.000247375,0x52
"Async Serial [1]","data",13.470058,0.000247375,0xDD
"Async Serial [1]","data",13.4703115,0.000247375,0x0A
"Async Serial [1]","data",13.470565125,0.000247375,0x01
"Async Serial [1]","data",13.470818625,0.000247375,0x00
"Async Serial [1]","data",13.471072125,0.000247375,0x01
"Async Serial [1]","data",13.47132575,0.000247375,0x2B
"Async Serial [1]","data",13.47157925,0.000247375,0x21
"Async Serial [1]","data",13.47274475,0.000247375,0x54
"Async Serial [1]","data",13.472998,0.000247375,0x52
"Async Serial [1]","data",13.473251125,0.000247375,0x43
"Async Serial [1]","data",13.473504375,0.000247375,0x0F
"Async Serial [1]","data",13.473757625,0.000247375,0x02
"Async Serial [1]","data",13.47401075,0.000247375,0x52
"Async Serial [1]","data",13.474264,0.000247375,0xDD
"Async Serial [1]","data",13.474517125,0.000247375,0x0A
"Async Serial [1]","data",13.474770375,0.000247375,0x54
"Async Serial [1]","data",13.4750235,0.000247375,0x8A
"Async Serial [1]","data",14.600542375,0.000247375,0x54
"Async Serial [1]","data",14.600795625,0.000247375,0x51
"Async Serial [1]","data",14.60104875,0.000247375,0x46
"Async Serial [1]","data",14.601302,0.000247375,0x0F
"Async Serial [1]","data",14.601555125,0.000247375,0x02
"Async Serial [1]","data",14.601808375,0.000247375,0x52
"Async Serial [1]","data",14.6020615,0.000247375,0x84
"Async Serial [1]","data",14.60231475,0.000247375,0xC8
"Async Serial [1]","data",14.602568,0.000247375,0x01
"Async Serial [1]","data",14.602821125,0.000247375,0x00
"Async Serial [1]","data",14.603074375,0.000247375,0x00
"Async Serial [1]","data",14.6033275,0.000247375,0x64
"Async Serial [1]","data",14.60358075,0.000247375,0xEC
"Async Serial [1]","data",14.604845125,0.000247375,0x54
"Async Serial [1]","data",14.60509875,0.000247375,0x52
"Async Serial [1]","data",14.60535225,0.000247375,0x42
"Async Serial [1]","data",14.60560575,0.000247375,0x02
"Async Serial [1]","data",14.605859375,0.000247375,0x0F
"Async Serial [1]","data",14.606112875,0.000247375,0x52
"Async Serial [1]","data",14.6063665,0.000247375,0x84
"Async Serial [1]","data",14.60662,0.000247375,0xD6
"Async Serial [1]","data",14.6068735,0.000247375,0xB7
"Async Serial [1]","data",14.629617,0.000247375,0x54
"Async Serial [1]","data",14.6298705,0.000247375,0x51
"Async Serial [1]","data",14.630124,0.000247375,0x46
"Async Serial [1]","data",14.630377625,0.000247375,0x02
"Async Serial [1]","data",14.630631125,0.000247375,0x0F
"Async Serial [1]","data",14.63088475,0.000247375,0x52
"Async Serial [1]","data",14.63113825,0.000247375,0xDE
"Async Serial [1]","data",14.63139175,0.000247375,0x0A
"Async Serial [1]","data",14.631645375,0.000247375,0x02
"Async Serial [1]","data",14.631898875,0.000247375,0x00
"Async Serial [1]","data",14.6321525,0.000247375,0x01
"Async Serial [1]","data",14.632406,0.000247375,0x9C
"Async Serial [1]","data",14.6326595,0.000247375,0xA3
"Async Serial [1]","data",14.633837375,0.000247375,0x54
"Async Serial [1]","data",14.6340905,0.000247375,0x52
"Async Serial [1]","data",14.63434375,0.000247375,0x43
"Async Serial [1]","data",14.634596875,0.000247375,0x0F
"Async Serial [1]","data",14.634850125,0.000247375,0x02
"Async Serial [1]","data",14.63510325,0.000247375,0x52
"Async Serial [1]","data",14.6353565,0.000247375,0xDE
"Async Serial [1]","data",14.635609625,0.000247375,0x0A
"Async Serial [1]","data",14.635862875,0.000247375,0x01
"Async Serial [1]","data",14.636116125,0.000247375,0xD9
"Async Serial [1]","data",15.598126375,0.000247375,0x54
"Async Serial [1]","data",15.598379875,0.000247375,0x51
"Async Serial [1]","data",15.5986335,0.000247375,0x46
"Async Serial [1]","data",15.598887,0.000247375,0x02
"Async Serial [1]","data",15.5991405,0.000247375,0x0F
"Async Serial [1]","data",15.599394125,0.000247375,0x52
"Async Serial [1]","data",15.599647625,0.000247375,0xDF
"Async Serial [1]","data",15.59990125,0.000247375,0x0A
"Async Serial [1]","data",15.60015475,0.000247375,0x02
"Async Serial [1]","data",15.60040825,0.000247375,0x00
"Async Serial [1]","data",15.600661875,0.000247375,0x01
"Async Serial [1]","data",15.600915375,0.000247375,0x36
"Async Serial [1]","data",15.601169,0.000247375,0xF2
"Async Serial [1]","data",15.6023765,0.000247375,0x54
"Async Serial [1]","data",15.602629625,0.000247375,0x52
"Async Serial [1]","data",15.602882875,0.000247375,0x43
"Async Serial [1]","data",15.603136,0.000247375,0x0F
"Async Serial [1]","data",15.60338925,0.000247375,0x02
"Async Serial [1]","data",15.603642375,0.000247375,0x52
"Async Serial [1]","data",15.603895625,0.000247375,0xDF
"Async Serial [1]","data",15.60414875,0.000247375,0x0A
"Async Serial [1]","data",15.604402,0.000247375,0x32
"Async Serial [1]","data",15.604655125,0.000247375,0xE8
"Async Serial [1]","data",15.71764975,0.000247375,0x54
"Async Serial [1]","data",15.71790325,0.000247375,0x51
"Async Serial [1]","data",15.718156875,0.000247375,0x46
"Async Serial [1]","data",15.718410375,0.000247375,0x02
"Async Serial [1]","data",15.718663875,0.000247375,0x0F
"Async Serial [1]","data",15.7189175,0.000247375,0x52
"Async Serial [1]","data",15.719171,0.000247375,0xE0
"Async Serial [1]","data",15.719424625,0.000247375,0x0A
"Async Serial [1]","data",15.719678125,0.000247375,0x02
"Async Serial [1]","data",15.719931625,0.000247375,0x00
"Async Serial [1]","data",15.72018525,0.000247375,0x01
"Async Serial [1]","data",15.72043875,0.000247375,0x5F
"Async Serial [1]","data",15.720692375,0.000247375,0xE5
"Async Serial [1]","data",15.721883625,0.000247375,0x54
"Async Serial [1]","data",15.72213675,0.000247375,0x52
"Async Serial [1]","data",15.72239,0.000247375,0x43
"Async Serial [1]","data",15.722643125,0.000247375,0x0F
"Async Serial [1]","data",15.722896375,0.000247375,0x02
"Async Serial [1]","data",15.7231495,0.000247375,0x52
"Async Serial [1]","data",15.72340275,0.000247375,0xE0
"Async Serial [1]","data",15.723655875,0.000247375,0x0A
"Async Serial [1]","data",15.723909125,0.000247375,0x27
"Async Serial [1]","data",15.72416225,0.000247375,0x43
"Async Serial [1]","data",16.472145375,0.000247375,0x54
"Async Serial [1]","data",16.4723985,0.000247375,0x51
"Async Serial [1]","data",16.47265175,0.000247375,0x46
"Async Serial [1]","data",16.472904875,0.000247375,0x0F
"Async Serial [1]","data",16.473158125,0.000247375,0x02
"Async Serial [1]","data",16.473411375,0.000247375,0x52
"Async Serial [1]","data",16.4736645,0.000247375,0x85
"Async Serial [1]","data",16.47391775,0.000247375,0xC8
"Async Serial [1]","data",16.474170875,0.000247375,0x01
"Async Serial [1]","data",16.474424125,0.000247375,0x00
"Async Serial [1]","data",16.47467725,0.000247375,0x00
"Async Serial [1]","data",16.4749305,0.000247375,0xCE
"Async Serial [1]","data",16.475183625,0.000247375,0xBD
"Async Serial [1]","data",16.476473625,0.000247375,0x54
"Async Serial [1]","data",16.476727125,0.000247375,0x52
"Async Serial [1]","data",16.476980625,0.000247375,0x42
"Async Serial [1]","data",16.47723425,0.000247375,0x02
"Async Serial [1]","data",16.47748775,0.000247375,0x0F
"Async Serial [1]","data",16.477741375,0.000247375,0x52
"Async Serial [1]","data",16.477994875,0.000247375,0x85
"Async Serial [1]","data",16.478248375,0.000247375,0xC6
"Async Serial [1]","data",16.478502,0.000247375,0x96
"Async Serial [1]","data",16.480581125,0.000247375,0x54
"Async Serial [1]","data",16.480834625,0.000247375,0x51
"Async Serial [1]","data",16.481088125,0.000247375,0x46
"Async Serial [1]","data",16.48134175,0.000247375,0x02
"Async Serial [1]","data",16.48159525,0.000247375,0x0F
"Async Serial [1]","data",16.481848875,0.000247375,0x52
"Async Serial [1]","data",16.482102375,0.000247375,0xE1
"Async Serial [1]","data",16.482355875,0.000247375,0x0A
"Async Serial [1]","data",16.4826095,0.000247375,0x03
"Async Serial [1]","data",16.482863,0.000247375,0x00
"Async Serial [1]","data",16.483116625,0.000247375,0x01
"Async Serial [1]","data",16.483370125,0.000247375,0xC2
"Async Serial [1]","data",16.483623625,0.000247375,0x84
"Async Serial [1]","data",16.484805,0.000247375,0x54
"Async Serial [1]","data",16.48505825,0.000247375,0x52
"Async Serial [1]","data",16.485311375,0.000247375,0x43
"Async Serial [1]","data",16.485564625,0.000247375,0x0F
"Async Serial [1]","data",16.48581775,0.000247375,0x02
"Async Serial [1]","data",16.486071,0.000247375,0x52
"Async Serial [1]","data",16.48632425,0.000247375,0xE1
"Async Serial [1]","data",16.486577375,0.000247375,0x0A
"Async Serial [1]","data",16.486830625,0.000247375,0x14
"Async Serial [1]","data",16.48708375,0.000247375,0x72
"Async Serial [1]","data",16.97123975,0.000247375,0x54
"Async Serial [1]","data",16.971492875,0.000247375,0x51
"Async Serial [1]","data",16.971746125,0.000247375,0x46
"Async Serial [1]","data",16.97199925,0.000247375,0x0F
"Async Serial [1]","data",16.9722525,0.000247375,0x02
"Async Serial [1]","data",16.972505625,0.000247375,0x52
"Async Serial [1]","data",16.972758875,0.000247375,0x86
"Async Serial [1]","data",16.973012125,0.000247375,0xC8
"Async Serial [1]","data",16.97326525,0.000247375,0x01
"Async Serial [1]","data",16.9735185,0.000247375,0x00
"Async Serial [1]","data",16.973771625,0.000247375,0x00
"Async Serial [1]","data",16.974024875,0.000247375,0x20
"Async Serial [1]","data",16.974278,0.000247375,0x6F
"Async Serial [1]","data",16.975611625,0.000247375,0x54
"Async Serial [1]","data",16.97586525,0.000247375,0x52
"Async Serial [1]","data",16.97611875,0.000247375,0x42
"Async Serial [1]","data",16.976372375,0.000247375,0x02
"Async Serial [1]","data",16.976625875,0.000247375,0x0F
"Async Serial [1]","data",16.976879375,0.000247375,0x52
"Async Serial [1]","data",16.977133,0.000247375,0x86
"Async Serial [1]","data",16.9773865,0.000247375,0xF6
"Async Serial [1]","data",16.977640125,0.000247375,0xF5
"Async Serial [1]","data",16.980378375,0.000247375,0x54
"Async Serial [1]","data",16.980632,0.000247375,0x51
"Async Serial [1]","data",16.9808855,0.000247375,0x46
"Async Serial [1]","data",16.981139125,0.000247375,0x02
"Async Serial [1]","data",16.981392625,0.000247375,0x0F
"Async Serial [1]","data",16.981646125,0.000247375,0x52
"Async Serial [1]","data",16.98189975,0.000247375,0xE2
"Async Serial [1]","data",16.98215325,0.000247375,0x0A
"Async Serial [1]","data",16.98240675,0.000247375,0x04
"Async Serial [1]","data",16.982660375,0.000247375,0x00
"Async Serial [1]","data",16.982913875,0.000247375,0x01
"Async Serial [1]","data",16.9831675,0.000247375,0xA9
"Async Serial [1]","data",16.983421,0.000247375,0xC6
"Async Serial [1]","data",16.98460825,0.000247375,0x54
"Async Serial [1]","data",16.9848615,0.000247375,0x52
"Async Serial [1]","data",16.98511475,0.000247375,0x43
"Async Serial [1]","data",16.985367875,0.000247375,0x0F
"Async Serial [1]","data",16.985621125,0.000247375,0x02
"Async Serial [1]","data",16.98587425,0.000247375,0x52
"Async Serial [1]","data",16.9861275,0.000247375,0xE2
"Async Serial [1]","data",16.986380625,0.000247375,0x0A
"Async Serial [1]","data",16.986633875,0.000247375,0x41
"Async Serial [1]","data",16.986887,0.000247375,0x21
"Async Serial [1]","data",17.34530725,0.000247375,0x54
"Async Serial [1]","data",17.3455605,0.000247375,0x51
"Async Serial [1]","data",17.345813625,0.000247375,0x46
"Async Serial [1]","data",17.346066875,0.000247375,0x0F
"Async Serial [1]","data",17.34632,0.000247375,0x02
"Async Serial [1]","data",17.34657325,0.000247375,0x52
"Async Serial [1]","data",17.346826375,0.000247375,0x87
"Async Serial [1]","data",17.347079625,0.000247375,0xC8
"Async Serial [1]","data",17.34733275,0.000247375,0x01
"Async Serial [1]","data",17.347586,0.000247375,0x00
"Async Serial [1]","data",17.347839125,0.000247375,0x00
"Async Serial [1]","data",17.348092375,0.000247375,0x8A
"Async Serial [1]","data",17.348345625,0.000247375,0x3E
"Async Serial [1]","data",17.349648375,0.000247375,0x54
"Async Serial [1]","data",17.349901875,0.000247375,0x52
"Async Serial [1]","data",17.350155375,0.000247375,0x42
"Async Serial [1]","data",17.350409,0.000247375,0x02
"Async Serial [1]","data",17.3506625,0.000247375,0x0F
"Async Serial [1]","data",17.350916125,0.000247375,0x52
"Async Serial [1]","data",17.351169625,0.000247375,0x87
"Async Serial [1]","data",17.351423125,0.000247375,0xE6
"Async Serial [1]","data",17.35167675,0.000247375,0xD4
"Async Serial [1]","data",17.370693,0.000247375,0x54
"Async Serial [1]","data",17.3709465,0.000247375,0x51
"Async Serial [1]","data",17.371200125,0.000247375,0x46
"Async Serial [1]","data",17.371453625,0.000247375,0x02
"Async Serial [1]","data",17.371707125,0.000247375,0x0F
"Async Serial [1]","data",17.37196075,0.000247375,0x52
"Async Serial [1]","data",17.37221425,0.000247375,0xE3
"Async Serial [1]","data",17.372467875,0.000247375,0x0A
"Async Serial [1]","data",17.372721375,0.000247375,0x01
"Async Serial [1]","data",17.372974875,0.000247375,0x00
"Async Serial [1]","data",17.3732285,0.000247375,0x01
"Async Serial [1]","data",17.373482,0.000247375,0xE8
"Async Serial [1]","data",17.373735625,0.000247375,0x67
"Async Serial [1]","data",17.374930875,0.000247375,0x54
"Async Serial [1]","data",17.375184125,0.000247375,0x52
"Async Serial [1]","data",17.37543725,0.000247375,0x43
"Async Serial [1]","data",17.3756905,0.000247375,0x0F
"Async Serial [1]","data",17.375943625,0.000247375,0x02
"Async Serial [1]","data",17.376196875,0.000247375,0x52
"Async Serial [1]","data",17.37645,0.000247375,0xE3
"Async Serial [1]","data",17.37670325,0.000247375,0x0A
"Async Serial [1]","data",17.376956375,0.000247375,0x72
"Async Serial [1]","data",17.377209625,0.000247375,0x10
"Async Serial [1]","data",18.34701175,0.000247375,0x54
"Async Serial [1]","data",18.34726525,0.000247375,0x51
"Async Serial [1]","data",18.34751875,0.000247375,0x46
"Async Serial [1]","data",18.347772375,0.000247375,0x02
"Async Serial [1]","data",18.348025875,0.000247375,0x0F
"Async Serial [1]","data",18.3482795,0.000247375,0x52
"Async Serial [1]","data",18.348533,0.000247375,0xE4
"Async Serial [1]","data",18.3487865,0.000247375,0x0A
"Async Serial [1]","data",18.349040125,0.000247375,0x01
"Async Serial [1]","data",18.349293625,0.000247375,0x00
"Async Serial [1]","data",18.34954725,0.000247375,0x01
"Async Serial [1]","data",18.34980075,0.000247375,0x8F
"Async Serial [1]","data",18.35005425,0.000247375,0xB3
"Async Serial [1]","data",18.35124325,0.000247375,0x54
"Async Serial [1]","data",18.351496375,0.000247375,0x52
"Async Serial [1]","data",18.351749625,0.000247375,0x43
"Async Serial [1]","data",18.35200275,0.000247375,0x0F
"Async Serial [1]","data",18.352256,0.000247375,0x02
"Async Serial [1]","data",18.352509125,0.000247375,0x52
"Async Serial [1]","data",18.352762375,0.000247375,0xE4
"Async Serial [1]","data",18.3530155,0.000247375,0x0A
"Async Serial [1]","data",18.35326875,0.000247375,0xEB
"Async Serial [1]","data",18.353522,0.000247375,0x87
"Async Serial [1]","data",18.471961,0.000247375,0x54
"Async Serial [1]","data",18.472214625,0.000247375,0x51
"Async Serial [1]","data",18.472468125,0.000247375,0x46
"Async Serial [1]","data",18.47272175,0.000247375,0x02
"Async Serial [1]","data",18.47297525,0.000247375,0x0F
"Async Serial [1]","data",18.47322875,0.000247375,0x52
"Async Serial [1]","data",18.473482375,0.000247375,0xE5
"Async Serial [1]","data",18.473735875,0.000247375,0x0A
"Async Serial [1]","data",18.4739895,0.000247375,0x01
"Async Serial [1]","data",18.474243,0.000247375,0x00
"Async Serial [1]","data",18.4744965,0.000247375,0x01
"Async Serial [1]","data",18.474750125,0.000247375,0x25
"Async Serial [1]","data",18.475003625,0.000247375,0xE2
"Async Serial [1]","data",18.476194,0.000247375,0x54
"Async Serial [1]","data",18.476447125,0.000247375,0x52
"Async Serial [1]","data",18.476700375,0.000247375,0x43
"Async Serial [1]","data",18.4769535,0.000247375,0x0F
"Async Serial [1]","data",18.47720675,0.000247375,0x02
"Async Serial [1]","data",18.47746,0.000247375,0x52
"Async Serial [1]","data",18.477713125,0.000247375,0xE5
"Async Serial [1]","data",18.477966375,0.000247375,0x0A
"Async Serial [1]","data",18.4782195,0.000247375,0xD8
"Async Serial [1]","data",18.47847275,0.000247375,0xB6
"Async Serial [1]","data",19.841031625,0.000247375,0x54
"Async Serial [1]","data",19.84128475,0.000247375,0x51
"Async Serial [1]","data",19.841538,0.000247375,0x46
"Async Serial [1]","data",19.841791125,0.000247375,0x0F
"Async Serial [1]","data",19.842044375,0.000247375,0x02
"Async Serial [1]","data",19.8422975,0.000247375,0x52
"Async Serial [1]","data",19.84255075,0.000247375,0x88
"Async Serial [1]","data",19.842804,0.000247375,0xC8
"Async Serial [1]","data",19.843057125,0.000247375,0x01
"Async Serial [1]","data",19.843310375,0.000247375,0x00
"Async Serial [1]","data",19.8435635,0.000247375,0x00
"Async Serial [1]","data",19.84381675,0.000247375,0xEF
"Async Serial [1]","data",19.844069875,0.000247375,0xC7
"Async Serial [1]","data",19.845364125,0.000247375,0x54
"Async Serial [1]","data",19.845617625,0.000247375,0x52
"Async Serial [1]","data",19.84587125,0.000247375,0x42
"Async Serial [1]","data",19.84612475,0.000247375,0x02
"Async Serial [1]","data",19.84637825,0.000247375,0x0F
"Async Serial [1]","data",19.846631875,0.000247375,0x52
"Async Serial [1]","data",19.846885375,0.000247375,0x88
"Async Serial [1]","data",19.847139,0.000247375,0x17
"Async Serial [1]","data",19.8473925,0.000247375,0x3B
"Async Serial [1]","data",19.869781,0.000247375,0x54
"Async Serial [1]","data",19.8700345,0.000247375,0x51
"Async Serial [1]","data",19.870288,0.000247375,0x46
"Async Serial [1]","data",19.870541625,0.000247375,0x02
"Async Serial [1]","data",19.870795125,0.000247375,0x0F
"Async Serial [1]","data",19.87104875,0.000247375,0x52
"Async Serial [1]","data",19.87130225,0.000247375,0xE6
"Async Serial [1]","data",19.87155575,0.000247375,0x0A
"Async Serial [1]","data",19.871809375,0.000247375,0x02
"Async Serial [1]","data",19.872062875,0.000247375,0x00
"Async Serial [1]","data",19.8723165,0.000247375,0x01
"Async Serial [1]","data",19.87257,0.000247375,0x92
"Async Serial [1]","data",19.8728235,0.000247375,0x60
"Async Serial [1]","data",19.87402275,0.000247375,0x54
"Async Serial [1]","data",19.874275875,0.000247375,0x52
"Async Serial [1]","data",19.874529125,0.000247375,0x43
"Async Serial [1]","data",19.87478225,0.000247375,0x0F
"Async Serial [1]","data",19.8750355,0.000247375,0x02
"Async Serial [1]","data",19.875288625,0.000247375,0x52
"Async Serial [1]","data",19.875541875,0.000247375,0xE6
"Async Serial [1]","data",19.875795,0.000247375,0x0A
"Async Serial [1]","data",19.87604825,0.000247375,0x8D
"Async Serial [1]","data",19.876301375,0.000247375,0xE5
"Async Serial [1]","data",20.845998375,0.000247375,0x54
"Async Serial [1]","data",20.846252,0.000247375,0x51
"Async Serial [1]","data",20.8465055,0.000247375,0x46
"Async Serial [1]","data",20.846759,0.000247375,0x02
"Async Serial [1]","data",20.847012625,0.000247375,0x0F
"Async Serial [1]","data",20.847266125,0.000247375,0x52
"Async Serial [1]","data",20.84751975,0.000247375,0xE7
"Async Serial [1]","data",20.84777325,0.000247375,0x0A
"Async Serial [1]","data",20.84802675,0.000247375,0x02
"Async Serial [1]","data",20.848280375,0.000247375,0x00
"Async Serial [1]","data",20.848533875,0.000247375,0x01
"Async Serial [1]","data",20.8487875,0.000247375,0x38
"Async Serial [1]","data",20.849041,0.000247375,0x31
"Async Serial [1]","data",20.85020875,0.000247375,0x54
"Async Serial [1]","data",20.850462,0.000247375,0x52
"Async Serial [1]","data",20.850715125,0.000247375,0x43
"Async Serial [1]","data",20.850968375,0.000247375,0x0F
"Async Serial [1]","data",20.8512215,0.000247375,0x02
"Async Serial [1]","data",20.85147475,0.000247375,0x52
"Async Serial [1]","data",20.851727875,0.000247375,0xE7
"Async Serial [1]","data",20.851981125,0.000247375,0x0A
"Async Serial [1]","data",20.85223425,0.000247375,0xBE
"Async Serial [1]","data",20.8524875,0.000247375,0xD4
"Async Serial [1]","data",20.97094775,0.000247375,0x54
"Async Serial [1]","data",20.97120125,0.000247375,0x51
"Async Serial [1]","data",20.971454875,0.000247375,0x46
"Async Serial [1]","data",20.971708375,0.000247375,0x02
"Async Serial [1]","data",20.971961875,0.000247375,0x0F
"Async Serial [1]","data",20.9722155,0.000247375,0x52
"Async Serial [1]","data",20.972469,0.000247375,0xE8
"Async Serial [1]","data",20.972722625,0.000247375,0x0A
"Async Serial [1]","data",20.972976125,0.000247375,0x02
"Async Serial [1]","data",20.973229625,0.000247375,0x00
"Async Serial [1]","data",20.97348325,0.000247375,0x01
"Async Serial [1]","data",20.97373675,0.000247375,0x5D
"Async Serial [1]","data",20.973990375,0.000247375,0xC8
"Async Serial [1]","data",20.97513425,0.000247375,0x54
"Async Serial [1]","data",20.975387375,0.000247375,0x52
"Async Serial [1]","data",20.975640625,0.000247375,0x43
"Async Serial [1]","data",20.97589375,0.000247375,0x0F
"Async Serial [1]","data",20.976147,0.000247375,0x02
"Async Serial [1]","data",20.97640025,0.000247375,0x52
"Async Serial [1]","data",20.976653375,0.000247375,0xE8
"Async Serial [1]","data",20.976906625,0.000247375,0x0A
"Async Serial [1]","data",20.97715975,0.000247375,0xAE
"Async Serial [1]","data",20.977413,0.000247375,0xEA
"Async Serial [1]","data",22.08695625,0.000247375,0x54
"Async Serial [1]","data",22.087209375,0.000247375,0x51
"Async Serial [1]","data",22.087462625,0.000247375,0x46
"Async Serial [1]","data",22.08771575,0.000247375,0x0F
"Async Serial [1]","data",22.087969,0.000247375,0x02
"Async Serial [1]","data",22.08822225,0.000247375,0x52
"Async Serial [1]","data",22.088475375,0.000247375,0x89
"Async Serial [1]","data",22.088728625,0.000247375,0xC8
"Async Serial [1]","data",22.08898175,0.000247375,0x01
"Async Serial [1]","data",22.089235,0.000247375,0x00
"Async Serial [1]","data",22.089488125,0.000247375,0x00
"Async Serial [1]","data",22.089741375,0.000247375,0x45
"Async Serial [1]","data",22.0899945,0.000247375,0x96
"Async Serial [1]","data",22.0912575,0.000247375,0x54
"Async Serial [1]","data",22.091511,0.000247375,0x52
"Async Serial [1]","data",22.091764625,0.000247375,0x42
"Async Serial [1]","data",22.092018125,0.000247375,0x02
"Async Serial [1]","data",22.092271625,0.000247375,0x0F
"Async Serial [1]","data",22.09252525,0.000247375,0x52
"Async Serial [1]","data",22.09277875,0.000247375,0x89
"Async Serial [1]","data",22.093032375,0.000247375,0x07
"Async Serial [1]","data",22.093285875,0.000247375,0x1A
"Async Serial [1]","data",22.09549175,0.000247375,0x54
"Async Serial [1]","data",22.09574525,0.000247375,0x51
"Async Serial [1]","data",22.095998875,0.000247375,0x46
"Async Serial [1]","data",22.096252375,0.000247375,0x02
"Async Serial [1]","data",22.096506,0.000247375,0x0F
"Async Serial [1]","data",22.0967595,0.000247375,0x52
"Async Serial [1]","data",22.097013,0.000247375,0xE9
"Async Serial [1]","data",22.097266625,0.000247375,0x0A
"Async Serial [1]","data",22.097520125,0.000247375,0x03
"Async Serial [1]","data",22.09777375,0.000247375,0x00
"Async Serial [1]","data",22.09802725,0.000247375,0x01
"Async Serial [1]","data",22.09828075,0.000247375,0xC0
"Async Serial [1]","data",22.098534375,0.000247375,0xA9
"Async Serial [1]","data",22.099717125,0.000247375,0x54
"Async Serial [1]","data",22.099970375,0.000247375,0x52
"Async Serial [1]","data",22.100223625,0.000247375,0x43
"Async Serial [1]","data",22.10047675,0.000247375,0x0F
"Async Serial [1]","data",22.10073,0.000247375,0x02
"Async Serial [1]","data",22.100983125,0.000247375,0x52
"Async Serial [1]","data",22.101236375,0.000247375,0xE9
"Async Serial [1]","data",22.1014895,0.000247375,0x0A
"Async Serial [1]","data",22.10174275,0.000247375,0x9D
"Async Serial [1]","data",22.101995875,0.000247375,0xDB
"Async Serial [1]","data",23.0950865,0.000247375,0x54
"Async Serial [1]","data",23.09534,0.000247375,0x51
"Async Serial [1]","data",23.0955935,0.000247375,0x46
"Async Serial [1]","data",23.095847125,0.000247375,0x02
"Async Serial [1]","data",23.096100625,0.000247375,0x0F
"Async Serial [1]","data",23.09635425,0.000247375,0x52
"Async Serial [1]","data",23.09660775,0.000247375,0xEA
"Async Serial [1]","data",23.09686125,0.000247375,0x0A
"Async Serial [1]","data",23.097114875,0.000247375,0x03
"Async Serial [1]","data",23.097368375,0.000247375,0x00
"Async Serial [1]","data",23.097622,0.000247375,0x01
"Async Serial [1]","data",23.0978755,0.000247375,0x2E
"Async Serial [1]","data",23.098129,0.000247375,0x7B
"Async Serial [1]","data",23.0993235,0.000247375,0x54
"Async Serial [1]","data",23.09957675,0.000247375,0x52
"Async Serial [1]","data",23.099829875,0.000247375,0x43
"Async Serial [1]","data",23.100083125,0.000247375,0x0F
"Async Serial [1]","data",23.10033625,0.000247375,0x02
"Async Serial [1]","data",23.1005895,0.000247375,0x52
"Async Serial [1]","data",23.100842625,0.000247375,0xEA
"Async Serial [1]","data",23.101095875,0.000247375,0x0A
"Async Serial [1]","data",23.101349125,0.000247375,0xC8
"Async Serial [1]","data",23.10160225,0.000247375,0x88
"Async Serial [1]","data",23.22003575,0.000247375,0x54
"Async Serial [1]","data",23.220289375,0.000247375,0x51
"Async Serial [1]","data",23.220542875,0.000247375,0x46
"Async Serial [1]","data",23.220796375,0.000247375,0x02
"Async Serial [1]","data",23.22105,0.000247375,0x0F
"Async Serial [1]","data",23.2213035,0.000247375,0x52
"Async Serial [1]","data",23.221557125,0.000247375,0xEB
"Async Serial [1]","data",23.221810625,0.000247375,0x0A
"Async Serial [1]","data",23.222064125,0.000247375,0x03
"Async Serial [1]","data",23.22231775,0.000247375,0x00
"Async Serial [1]","data",23.22257125,0.000247375,0x01
"Async Serial [1]","data",23.222824875,0.000247375,0x84
"Async Serial [1]","data",23.223078375,0.000247375,0x2A
"Async Serial [1]","data",23.224249125,0.000247375,0x54
"Async Serial [1]","data",23.22450225,0.000247375,0x52
"Async Serial [1]","data",23.2247555,0.000247375,0x43
"Async Serial [1]","data",23.225008625,0.000247375,0x0F
"Async Serial [1]","data",23.225261875,0.000247375,0x02
"Async Serial [1]","data",23.225515,0.000247375,0x52
"Async Serial [1]","data",23.22576825,0.000247375,0xEB
"Async Serial [1]","data",23.226021375,0.000247375,0x0A
"Async Serial [1]","data",23.226274625,0.000247375,0xFB
"Async Serial [1]","data",23.22652775,0.000247375,0xB9
"Async Serial [1]","data",23.334438875,0.000247375,0x54
"Async Serial [1]","data",23.334692125,0.000247375,0x51
"Async Serial [1]","data",23.33494525,0.000247375,0x46
"Async Serial [1]","data",23.3351985,0.000247375,0x0F
"Async Serial [1]","data",23.335451625,0.000247375,0x02
"Async Serial [1]","data",23.335704875,0.000247375,0x52
"Async Serial [1]","data",23.335958,0.000247375,0x8A
"Async Serial [1]","data",23.33621125,0.000247375,0xC8
"Async Serial [1]","data",23.336464375,0.000247375,0x01
"Async Serial [1]","data",23.336717625,0.000247375,0x00
"Async Serial [1]","data",23.336970875,0.000247375,0x00
"Async Serial [1]","data",23.337224,0.000247375,0xAB
"Async Serial [1]","data",23.33747725,0.000247375,0x44
"Async Serial [1]","data",23.33874775,0.000247375,0x54
"Async Serial [1]","data",23.339001375,0.000247375,0x52
"Async Serial [1]","data",23.339254875,0.000247375,0x42
"Async Serial [1]","data",23.3395085,0.000247375,0x02
"Async Serial [1]","data",23.339762,0.000247375,0x0F
"Async Serial [1]","data",23.3400155,0.000247375,0x52
"Async Serial [1]","data",23.340269125,0.000247375,0x8A
"Async Serial [1]","data",23.340522625,0.000247375,0x37
"Async Serial [1]","data",23.34077625,0.000247375,0x79
"Async Serial [1]","data",23.360451625,0.000247375,0x54
"Async Serial [1]","data",23.36070525,0.000247375,0x51
"Async Serial [1]","data",23.36095875,0.000247375,0x46
"Async Serial [1]","data",23.36121225,0.000247375,0x02
"Async Serial [1]","data",23.361465875,0.000247375,0x0F
"Async Serial [1]","data",23.361719375,0.000247375,0x52
"Async Serial [1]","data",23.361973,0.000247375,0xEC
"Async Serial [1]","data",23.3622265,0.000247375,0x0A
"Async Serial [1]","data",23.36248,0.000247375,0x04
"Async Serial [1]","data",23.362733625,0.000247375,0x00
"Async Serial [1]","data",23.362987125,0.000247375,0x01
"Async Serial [1]","data",23.36324075,0.000247375,0x66
"Async Serial [1]","data",23.36349425,0.000247375,0x6E
"Async Serial [1]","data",23.36472075,0.000247375,0x54
"Async Serial [1]","data",23.364974,0.000247375,0x52
"Async Serial [1]","data",23.365227125,0.000247375,0x43
"Async Serial [1]","data",23.365480375,0.000247375,0x0F
"Async Serial [1]","data",23.365733625,0.000247375,0x02
"Async Serial [1]","data",23.36598675,0.000247375,0x52
"Async Serial [1]","data",23.36624,0.000247375,0xEC
"Async Serial [1]","data",23.366493125,0.000247375,0x0A
"Async Serial [1]","data",23.366746375,0.000247375,0x62
"Async Serial [1]","data",23.3669995,0.000247375,0x2E
"Async Serial [1]","data",24.3133425,0.000247375,0x54
"Async Serial [1]","data",24.313596,0.000247375,0x51
"Async Serial [1]","data",24.313849625,0.000247375,0x46
"Async Serial [1]","data",24.314103125,0.000247375,0x02
"Async Serial [1]","data",24.314356625,0.000247375,0x0F
"Async Serial [1]","data",24.31461025,0.000247375,0x52
"Async Serial [1]","data",24.31486375,0.000247375,0xED
"Async Serial [1]","data",24.315117375,0.000247375,0x0A
"Async Serial [1]","data",24.315370875,0.000247375,0x04
"Async Serial [1]","data",24.315624375,0.000247375,0x00
"Async Serial [1]","data",24.315878,0.000247375,0x01
"Async Serial [1]","data",24.3161315,0.000247375,0xCC
"Async Serial [1]","data",24.316385125,0.000247375,0x3F
"Async Serial [1]","data",24.317613,0.000247375,0x54
"Async Serial [1]","data",24.31786625,0.000247375,0x52
"Async Serial [1]","data",24.3181195,0.000247375,0x43
"Async Serial [1]","data",24.318372625,0.000247375,0x0F
"Async Serial [1]","data",24.318625875,0.000247375,0x02
"Async Serial [1]","data",24.318879,0.000247375,0x52
"Async Serial [1]","data",24.31913225,0.000247375,0xED
"Async Serial [1]","data",24.319385375,0.000247375,0x0A
"Async Serial [1]","data",24.319638625,0.000247375,0x51
"Async Serial [1]","data",24.31989175,0.000247375,0x1F
"Async Serial [1]","data",24.469529125,0.000247375,0x54
"Async Serial [1]","data",24.46978275,0.000247375,0x51
"Async Serial [1]","data",24.47003625,0.000247375,0x46
"Async Serial [1]","data",24.470289875,0.000247375,0x02
"Async Serial [1]","data",24.470543375,0.000247375,0x0F
"Async Serial [1]","data",24.470796875,0.000247375,0x52
"Async Serial [1]","data",24.4710505,0.000247375,0xEE
"Async Serial [1]","data",24.471304,0.000247375,0x0A
"Async Serial [1]","data",24.4715575,0.000247375,0x04
"Async Serial [1]","data",24.471811125,0.000247375,0x00
"Async Serial [1]","data",24.472064625,0.000247375,0x01
"Async Serial [1]","data",24.47231825,0.000247375,0x22
"Async Serial [1]","data",24.47257175,0.000247375,0xED
"Async Serial [1]","data",24.473782625,0.000247375,0x54
"Async Serial [1]","data",24.47403575,0.000247375,0x52
"Async Serial [1]","data",24.474289,0.000247375,0x43
"Async Serial [1]","data",24.474542125,0.000247375,0x0F
"Async Serial [1]","data",24.474795375,0.000247375,0x02
"Async Serial [1]","data",24.4750485,0.000247375,0x52
"Async Serial [1]","data",24.47530175,0.000247375,0xEE
"Async Serial [1]","data",24.475554875,0.000247375,0x0A
"Async Serial [1]","data",24.475808125,0.000247375,0x04
"Async Serial [1]","data",24.476061375,0.000247375,0x4C
"Async Serial [1]","data",26.204485125,0.000247375,0x54
"Async Serial [1]","data",26.20473825,0.000247375,0x51
"Async Serial [1]","data",26.2049915,0.000247375,0x46
"Async Serial [1]","data",26.205244625,0.000247375,0x0F
"Async Serial [1]","data",26.205497875,0.000247375,0x02
"Async Serial [1]","data",26.205751125,0.000247375,0x52
"Async Serial [1]","data",26.20600425,0.000247375,0x8B
"Async Serial [1]","data",26.2062575,0.000247375,0xC8
"Async Serial [1]","data",26.206510625,0.000247375,0x01
"Async Serial [1]","data",26.206763875,0.000247375,0x00
"Async Serial [1]","data",26.207017,0.000247375,0x00
"Async Serial [1]","data",26.20727025,0.000247375,0x01
"Async Serial [1]","data",26.207523375,0.000247375,0x15
"Async Serial [1]","data",26.208804875,0.000247375,0x54
"Async Serial [1]","data",26.209058375,0.000247375,0x52
"Async Serial [1]","data",26.209312,0.000247375,0x42
"Async Serial [1]","data",26.2095655,0.000247375,0x02
"Async Serial [1]","data",26.209819,0.000247375,0x0F
"Async Serial [1]","data",26.210072625,0.000247375,0x52
"Async Serial [1]","data",26.210326125,0.000247375,0x8B
"Async Serial [1]","data",26.21057975,0.000247375,0x27
"Async Serial [1]","data",26.21083325,0.000247375,0x58
"Async Serial [1]","data",26.234286625,0.000247375,0x54
"Async Serial [1]","data",26.234540125,0.000247375,0x51
"Async Serial [1]","data",26.23479375,0.000247375,0x46
"Async Serial [1]","data",26.23504725,0.000247375,0x02
"Async Serial [1]","data",26.23530075,0.000247375,0x0F
"Async Serial [1]","data",26.235554375,0.000247375,0x52
"Async Serial [1]","data",26.235807875,0.000247375,0xEF
"Async Serial [1]","data",26.2360615,0.000247375,0x0A
"Async Serial [1]","data",26.236315,0.000247375,0x01
"Async Serial [1]","data",26.2365685,0.000247375,0x00
"Async Serial [1]","data",26.236822125,0.000247375,0x01
"Async Serial [1]","data",26.237075625,0.000247375,0x63
"Async Serial [1]","data",26.23732925,0.000247375,0x4C
"Async Serial [1]","data",26.2387675,0.000247375,0x54
"Async Serial [1]","data",26.23902075,0.000247375,0x52
"Async Serial [1]","data",26.239273875,0.000247375,0x43
"Async Serial [1]","data",26.239527125,0.000247375,0x0F
"Async Serial [1]","data",26.239780375,0.000247375,0x02
"Async Serial [1]","data",26.2400335,0.000247375,0x52
"Async Serial [1]","data",26.24028675,0.000247375,0xEF
"Async Serial [1]","data",26.240539875,0.000247375,0x0A
"Async Serial [1]","data",26.240793125,0.000247375,0x37
"Async Serial [1]","data",26.24104625,0.000247375,0x7D
"Async Serial [1]","data",27.187177375,0.000247375,0x54
"Async Serial [1]","data",27.187430875,0.000247375,0x51
"Async Serial [1]","data",27.187684375,0.000247375,0x46
"Async Serial [1]","data",27.187938,0.000247375,0x02
"Async Serial [1]","data",27.1881915,0.000247375,0x0F
"Async Serial [1]","data",27.188445125,0.000247375,0x52
"Async Serial [1]","data",27.188698625,0.000247375,0xF0
"Async Serial [1]","data",27.188952125,0.000247375,0x0A
"Async Serial [1]","data",27.18920575,0.000247375,0x01
"Async Serial [1]","data",27.18945925,0.000247375,0x00
"Async Serial [1]","data",27.189712875,0.000247375,0x01
"Async Serial [1]","data",27.189966375,0.000247375,0x02
"Async Serial [1]","data",27.190219875,0.000247375,0xEF
"Async Serial [1]","data",27.191432375,0.000247375,0x54
"Async Serial [1]","data",27.191685625,0.000247375,0x52
"Async Serial [1]","data",27.191938875,0.000247375,0x43
"Async Serial [1]","data",27.192192,0.000247375,0x0F
"Async Serial [1]","data",27.19244525,0.000247375,0x02
"Async Serial [1]","data",27.192698375,0.000247375,0x52
"Async Serial [1]","data",27.192951625,0.000247375,0xF0
"Async Serial [1]","data",27.19320475,0.000247375,0x0A
"Async Serial [1]","data",27.193458,0.000247375,0x24
"Async Serial [1]","data",27.193711125,0.000247375,0x30
"Async Serial [1]","data",27.21306475,0.000247375,0x54
"Async Serial [1]","data",27.21331825,0.000247375,0x51
"Async Serial [1]","data",27.213571875,0.000247375,0x46
"Async Serial [1]","data",27.213825375,0.000247375,0x02
"Async Serial [1]","data",27.214079,0.000247375,0x0F
"Async Serial [1]","data",27.2143325,0.000247375,0x52
"Async Serial [1]","data",27.214586,0.000247375,0xF1
"Async Serial [1]","data",27.214839625,0.000247375,0x0A
"Async Serial [1]","data",27.215093125,0.000247375,0x01
"Async Serial [1]","data",27.21534675,0.000247375,0x00
"Async Serial [1]","data",27.21560025,0.000247375,0x01
"Async Serial [1]","data",27.21585375,0.000247375,0xA8
"Async Serial [1]","data",27.216107375,0.000247375,0xBE
"Async Serial [1]","data",27.2172835,0.000247375,0x54
"Async Serial [1]","data",27.217536625,0.000247375,0x52
"Async Serial [1]","data",27.217789875,0.000247375,0x43
"Async Serial [1]","data",27.218043,0.000247375,0x0F
"Async Serial [1]","data",27.21829625,0.000247375,0x02
"Async Serial [1]","data",27.218549375,0.000247375,0x52
"Async Serial [1]","data",27.218802625,0.000247375,0xF1
"Async Serial [1]","data",27.219055875,0.000247375,0x0A
"Async Serial [1]","data",27.219309,0.000247375,0x17
"Async Serial [1]","data",27.21956225,0.000247375,0x01
"Async Serial [1]","data",29.448599875,0.000247375,0x54
"Async Serial [1]","data",29.448853,0.000247375,0x51
"Async Serial [1]","data",29.44910625,0.000247375,0x46
"Async Serial [1]","data",29.449359375,0.000247375,0x0F
"Async Serial [1]","data",29.449612625,0.000247375,0x02
"Async Serial [1]","data",29.44986575,0.000247375,0x52
"Async Serial [1]","data",29.450119,0.000247375,0x8C
"Async Serial [1]","data",29.45037225,0.000247375,0xC8
"Async Serial [1]","data",29.450625375,0.000247375,0x01
"Async Serial [1]","data",29.450878625,0.000247375,0x00
"Async Serial [1]","data",29.45113175,0.000247375,0x00
"Async Serial [1]","data",29.451385,0.000247375,0x66
"Async Serial [1]","data",29.451638125,0.000247375,0xC1
"Async Serial [1]","data",29.452923625,0.000247375,0x54
"Async Serial [1]","data",29.453177125,0.000247375,0x52
"Async Serial [1]","data",29.45343075,0.000247375,0x42
"Async Serial [1]","data",29.45368425,0.000247375,0x02
"Async Serial [1]","data",29.453937875,0.000247375,0x0F
"Async Serial [1]","data",29.454191375,0.000247375,0x52
"Async Serial [1]","data",29.454444875,0.000247375,0x8C
"Async Serial [1]","data",29.4546985,0.000247375,0x57
"Async Serial [1]","data",29.454952,0.000247375,0xBF
"Async Serial [1]","data",29.475134625,0.000247375,0x54
"Async Serial [1]","data",29.475388125,0.000247375,0x51
"Async Serial [1]","data",29.475641625,0.000247375,0x46
"Async Serial [1]","data",29.47589525,0.000247375,0x02
"Async Serial [1]","data",29.47614875,0.000247375,0x0F
"Async Serial [1]","data",29.476402375,0.000247375,0x52
"Async Serial [1]","data",29.476655875,0.000247375,0xF2
"Async Serial [1]","data",29.476909375,0.000247375,0x0A
"Async Serial [1]","data",29.477163,0.000247375,0x02
"Async Serial [1]","data",29.4774165,0.000247375,0x00
"Async Serial [1]","data",29.477670125,0.000247375,0x01
"Async Serial [1]","data",29.477923625,0.000247375,0x1F
"Async Serial [1]","data",29.478177125,0.000247375,0x3C
"Async Serial [1]","data",29.4793375,0.000247375,0x54
"Async Serial [1]","data",29.47959075,0.000247375,0x52
"Async Serial [1]","data",29.479843875,0.000247375,0x43
"Async Serial [1]","data",29.480097125,0.000247375,0x0F
"Async Serial [1]","data",29.48035025,0.000247375,0x02
"Async Serial [1]","data",29.4806035,0.000247375,0x52
"Async Serial [1]","data",29.480856625,0.000247375,0xF2
"Async Serial [1]","data",29.481109875,0.000247375,0x0A
"Async Serial [1]","data",29.481363125,0.000247375,0x42
"Async Serial [1]","data",29.48161625,0.000247375,0x52
"Async Serial [1]","data",30.435834625,0.000247375,0x54
"Async Serial [1]","data",30.43608825,0.000247375,0x51
"Async Serial [1]","data",30.43634175,0.000247375,0x46
"Async Serial [1]","data",30.436595375,0.000247375,0x02
"Async Serial [1]","data",30.436848875,0.000247375,0x0F
"Async Serial [1]","data",30.437102375,0.000247375,0x52
"Async Serial [1]","data",30.437356,0.000247375,0xF3
"Async Serial [1]","data",30.4376095,0.000247375,0x0A
"Async Serial [1]","data",30.437863125,0.000247375,0x02
"Async Serial [1]","data",30.438116625,0.000247375,0x00
"Async Serial [1]","data",30.438370125,0.000247375,0x01
"Async Serial [1]","data",30.43862375,0.000247375,0xB5
"Async Serial [1]","data",30.43887725,0.000247375,0x6D
"Async Serial [1]","data",30.440104875,0.000247375,0x54
"Async Serial [1]","data",30.440358125,0.000247375,0x52
"Async Serial [1]","data",30.44061125,0.000247375,0x43
"Async Serial [1]","data",30.4408645,0.000247375,0x0F
"Async Serial [1]","data",30.44111775,0.000247375,0x02
"Async Serial [1]","data",30.441370875,0.000247375,0x52
"Async Serial [1]","data",30.441624125,0.000247375,0xF3
"Async Serial [1]","data",30.44187725,0.000247375,0x0A
"Async Serial [1]","data",30.4421305,0.000247375,0x71
"Async Serial [1]","data",30.442383625,0.000247375,0x63
"Async Serial [1]","data",30.461646,0.000247375,0x54
"Async Serial [1]","data",30.461899625,0.000247375,0x51
"Async Serial [1]","data",30.462153125,0.000247375,0x46
"Async Serial [1]","data",30.46240675,0.000247375,0x02
"Async Serial [1]","data",30.46266025,0.000247375,0x0F
"Async Serial [1]","data",30.46291375,0.000247375,0x52
"Async Serial [1]","data",30.463167375,0.000247375,0xF4
"Async Serial [1]","data",30.463420875,0.000247375,0x0A
"Async Serial [1]","data",30.4636745,0.000247375,0x02
"Async Serial [1]","data",30.463928,0.000247375,0x00
"Async Serial [1]","data",30.4641815,0.000247375,0x01
"Async Serial [1]","data",30.464435125,0.000247375,0xD2
"Async Serial [1]","data",30.464688625,0.000247375,0xB9
"Async Serial [1]","data",30.46588,0.000247375,0x54
"Async Serial [1]","data",30.46613325,0.000247375,0x52
"Async Serial [1]","data",30.466386375,0.000247375,0x43
"Async Serial [1]","data",30.466639625,0.000247375,0x0F
"Async Serial [1]","data",30.46689275,0.000247375,0x02
"Async Serial [1]","data",30.467146,0.000247375,0x52
"Async Serial [1]","data",30.467399125,0.000247375,0xF4
"Async Serial [1]","data",30.467652375,0.000247375,0x0A
"Async Serial [1]","data",30.4679055,0.000247375,0xE8
"Async Serial [1]","data",30.46815875,0.000247375,0xF4
"Async Serial [1]","data",32.8172365,0.000247375,0x54
"Async Serial [1]","data",32.817489625,0.000247375,0x51
"Async Serial [1]","data",32.817742875,0.000247375,0x46
"Async Serial [1]","data",32.817996,0.000247375,0x0F
"Async Serial [1]","data",32.81824925,0.000247375,0x02
"Async Serial [1]","data",32.8185025,0.000247375,0x52
"Async Serial [1]","data",32.818755625,0.000247375,0x8D
"Async Serial [1]","data",32.819008875,0.000247375,0xC8
"Async Serial [1]","data",32.819262,0.000247375,0x01
"Async Serial [1]","data",32.81951525,0.000247375,0x00
"Async Serial [1]","data",32.819768375,0.000247375,0x00
"Async Serial [1]","data",32.820021625,0.000247375,0xCC
"Async Serial [1]","data",32.82027475,0.000247375,0x90
"Async Serial [1]","data",32.82156075,0.000247375,0x54
"Async Serial [1]","data",32.82181425,0.000247375,0x52
"Async Serial [1]","data",32.822067875,0.000247375,0x42
"Async Serial [1]","data",32.822321375,0.000247375,0x02
"Async Serial [1]","data",32.822574875,0.000247375,0x0F
"Async Serial [1]","data",32.8228285,0.000247375,0x52
"Async Serial [1]","data",32.823082,0.000247375,0x8D
"Async Serial [1]","data",32.823335625,0.000247375,0x47
"Async Serial [1]","data",32.823589125,0.000247375,0x9E
"Async Serial [1]","data",32.825516125,0.000247375,0x54
"Async Serial [1]","data",32.825769625,0.000247375,0x51
"Async Serial [1]","data",32.82602325,0.000247375,0x46
"Async Serial [1]","data",32.82627675,0.000247375,0x02
"Async Serial [1]","data",32.82653025,0.000247375,0x0F
"Async Serial [1]","data",32.826783875,0.000247375,0x52
"Async Serial [1]","data",32.827037375,0.000247375,0xF5
"Async Serial [1]","data",32.827291,0.000247375,0x0A
"Async Serial [1]","data",32.8275445,0.000247375,0x03
"Async Serial [1]","data",32.827798,0.000247375,0x00
"Async Serial [1]","data",32.828051625,0.000247375,0x01
"Async Serial [1]","data",32.828305125,0.000247375,0x4F
"Async Serial [1]","data",32.82855875,0.000247375,0xD8
"Async Serial [1]","data",32.8297695,0.000247375,0x54
"Async Serial [1]","data",32.83002275,0.000247375,0x52
"Async Serial [1]","data",32.830276,0.000247375,0x43
"Async Serial [1]","data",32.830529125,0.000247375,0x0F
"Async Serial [1]","data",32.830782375,0.000247375,0x02
"Async Serial [1]","data",32.8310355,0.000247375,0x52
"Async Serial [1]","data",32.83128875,0.000247375,0xF5
"Async Serial [1]","data",32.831541875,0.000247375,0x0A
"Async Serial [1]","data",32.831795125,0.000247375,0xDB
"Async Serial [1]","data",32.83204825,0.000247375,0xC5
"Async Serial [1]","data",33.809492125,0.000247375,0x54
"Async Serial [1]","data",33.809745625,0.000247375,0x51
"Async Serial [1]","data",33.80999925,0.000247375,0x46
"Async Serial [1]","data",33.81025275,0.000247375,0x02
"Async Serial [1]","data",33.81050625,0.000247375,0x0F
"Async Serial [1]","data",33.810759875,0.000247375,0x52
"Async Serial [1]","data",33.811013375,0.000247375,0xF6
"Async Serial [1]","data",33.811267,0.000247375,0x0A
"Async Serial [1]","data",33.8115205,0.000247375,0x03
"Async Serial [1]","data",33.811774,0.000247375,0x00
"Async Serial [1]","data",33.812027625,0.000247375,0x01
"Async Serial [1]","data",33.812281125,0.000247375,0xA1
"Async Serial [1]","data",33.81253475,0.000247375,0x0A
"Async Serial [1]","data",33.81367875,0.000247375,0x54
"Async Serial [1]","data",33.813932,0.000247375,0x52
"Async Serial [1]","data",33.814185125,0.000247375,0x43
"Async Serial [1]","data",33.814438375,0.000247375,0x0F
"Async Serial [1]","data",33.8146915,0.000247375,0x02
"Async Serial [1]","data",33.81494475,0.000247375,0x52
"Async Serial [1]","data",33.815198,0.000247375,0xF6
"Async Serial [1]","data",33.815451125,0.000247375,0x0A
"Async Serial [1]","data",33.815704375,0.000247375,0x8E
"Async Serial [1]","data",33.8159575,0.000247375,0x96
"Async Serial [1]","data",33.9649435,0.000247375,0x54
"Async Serial [1]","data",33.965197,0.000247375,0x51
"Async Serial [1]","data",33.9654505,0.000247375,0x46
"Async Serial [1]","data",33.965704125,0.000247375,0x02
"Async Serial [1]","data",33.965957625,0.000247375,0x0F
"Async Serial [1]","data",33.96621125,0.000247375,0x52
"Async Serial [1]","data",33.96646475,0.000247375,0xF7
"Async Serial [1]","data",33.96671825,0.000247375,0x0A
"Async Serial [1]","data",33.966971875,0.000247375,0x03
"Async Serial [1]","data",33.967225375,0.000247375,0x00
"Async Serial [1]","data",33.967479,0.000247375,0x01
"Async Serial [1]","data",33.9677325,0.000247375,0x0B
"Async Serial [1]","data",33.967986,0.000247375,0x5B
"Async Serial [1]","data",33.969190125,0.000247375,0x54
"Async Serial [1]","data",33.969443375,0.000247375,0x52
"Async Serial [1]","data",33.9696965,0.000247375,0x43
"Async Serial [1]","data",33.96994975,0.000247375,0x0F
"Async Serial [1]","data",33.970202875,0.000247375,0x02
"Async Serial [1]","data",33.970456125,0.000247375,0x52
"Async Serial [1]","data",33.970709375,0.000247375,0xF7
"Async Serial [1]","data",33.9709625,0.000247375,0x0A
"Async Serial [1]","data",33.97121575,0.000247375,0xBD
"Async Serial [1]","data",33.971468875,0.000247375,0xA7
"Async Serial [1]","data",35.68728525,0.000247375,0x54
"Async Serial [1]","data",35.6875385,0.000247375,0x51
"Async Serial [1]","data",35.687791625,0.000247375,0x46
"Async Serial [1]","data",35.688044875,0.000247375,0x0F
"Async Serial [1]","data",35.688298,0.000247375,0x02
"Async Serial [1]","data",35.68855125,0.000247375,0x52
"Async Serial [1]","data",35.6888045,0.000247375,0x8E
"Async Serial [1]","data",35.689057625,0.000247375,0xC8
"Async Serial [1]","data",35.689310875,0.000247375,0x01
"Async Serial [1]","data",35.689564,0.000247375,0x00
"Async Serial [1]","data",35.68981725,0.000247375,0x00
"Async Serial [1]","data",35.690070375,0.000247375,0x22
"Async Serial [1]","data",35.690323625,0.000247375,0x42
"Async Serial [1]","data",35.69156675,0.000247375,0x54
"Async Serial [1]","data",35.691820375,0.000247375,0x52
"Async Serial [1]","data",35.692073875,0.000247375,0x42
"Async Serial [1]","data",35.692327375,0.000247375,0x02
"Async Serial [1]","data",35.692581,0.000247375,0x0F
"Async Serial [1]","data",35.6928345,0.000247375,0x52
"Async Serial [1]","data",35.693088125,0.000247375,0x8E
"Async Serial [1]","data",35.693341625,0.000247375,0x77
"Async Serial [1]","data",35.693595125,0.000247375,0xFD
"Async Serial [1]","data",35.714792,0.000247375,0x54
"Async Serial [1]","data",35.7150455,0.000247375,0x51
"Async Serial [1]","data",35.715299,0.000247375,0x46
"Async Serial [1]","data",35.715552625,0.000247375,0x02
"Async Serial [1]","data",35.715806125,0.000247375,0x0F
"Async Serial [1]","data",35.71605975,0.000247375,0x52
"Async Serial [1]","data",35.71631325,0.000247375,0xF8
"Async Serial [1]","data",35.71656675,0.000247375,0x0A
"Async Serial [1]","data",35.716820375,0.000247375,0x04
"Async Serial [1]","data",35.717073875,0.000247375,0x00
"Async Serial [1]","data",35.7173275,0.000247375,0x01
"Async Serial [1]","data",35.717581,0.000247375,0xEB
"Async Serial [1]","data",35.7178345,0.000247375,0x32
"Async Serial [1]","data",35.7190105,0.000247375,0x54
"Async Serial [1]","data",35.719263625,0.000247375,0x52
"Async Serial [1]","data",35.719516875,0.000247375,0x43
"Async Serial [1]","data",35.71977,0.000247375,0x0F
"Async Serial [1]","data",35.72002325,0.000247375,0x02
"Async Serial [1]","data",35.720276375,0.000247375,0x52
"Async Serial [1]","data",35.720529625,0.000247375,0xF8
"Async Serial [1]","data",35.720782875,0.000247375,0x0A
"Async Serial [1]","data",35.721036,0.000247375,0xAD
"Async Serial [1]","data",35.72128925,0.000247375,0x99
"Async Serial [1]","data",36.683326875,0.000247375,0x54
"Async Serial [1]","data",36.683580375,0.000247375,0x51
"Async Serial [1]","data",36.683834,0.000247375,0x46
"Async Serial [1]","data",36.6840875,0.000247375,0x02
"Async Serial [1]","data",36.684341125,0.000247375,0x0F
"Async Serial [1]","data",36.684594625,0.000247375,0x52
"Async Serial [1]","data",36.684848125,0.000247375,0xF9
"Async Serial [1]","data",36.68510175,0.000247375,0x0A
"Async Serial [1]","data",36.68535525,0.000247375,0x04
"Async Serial [1]","data",36.685608875,0.000247375,0x00
"Async Serial [1]","data",36.685862375,0.000247375,0x01
"Async Serial [1]","data",36.686115875,0.000247375,0x41
"Async Serial [1]","data",36.6863695,0.000247375,0x63
"Async Serial [1]","data",36.687551125,0.000247375,0x54
"Async Serial [1]","data",36.687804375,0.000247375,0x52
"Async Serial [1]","data",36.6880575,0.000247375,0x43
"Async Serial [1]","data",36.68831075,0.000247375,0x0F
"Async Serial [1]","data",36.688563875,0.000247375,0x02
"Async Serial [1]","data",36.688817125,0.000247375,0x52
"Async Serial [1]","data",36.68907025,0.000247375,0xF9
"Async Serial [1]","data",36.6893235,0.000247375,0x0A
"Async Serial [1]","data",36.68957675,0.000247375,0x9E
"Async Serial [1]","data",36.689829875,0.000247375,0xA8
"Async Serial [1]","data",36.71456425,0.000247375,0x54
"Async Serial [1]","data",36.71481775,0.000247375,0x51
"Async Serial [1]","data",36.71507125,0.000247375,0x46
"Async Serial [1]","data",36.715324875,0.000247375,0x02
"Async Serial [1]","data",36.715578375,0.000247375,0x0F
"Async Serial [1]","data",36.715832,0.000247375,0x52
"Async Serial [1]","data",36.7160855,0.000247375,0xFA
"Async Serial [1]","data",36.716339,0.000247375,0x0A
"Async Serial [1]","data",36.716592625,0.000247375,0x04
"Async Serial [1]","data",36.716846125,0.000247375,0x00
"Async Serial [1]","data",36.71709975,0.000247375,0x01
"Async Serial [1]","data",36.71735325,0.000247375,0xAF
"Async Serial [1]","data",36.71760675,0.000247375,0xB1
"Async Serial [1]","data",36.718744625,0.000247375,0x54
"Async Serial [1]","data",36.71899775,0.000247375,0x52
"Async Serial [1]","data",36.719251,0.000247375,0x43
"Async Serial [1]","data",36.719504125,0.000247375,0x0F
"Async Serial [1]","data",36.719757375,0.000247375,0x02
"Async Serial [1]","data",36.7200105,0.000247375,0x52
"Async Serial [1]","data",36.72026375,0.000247375,0xFA
"Async Serial [1]","data",36.720516875,0.000247375,0x0A
"Async Serial [1]","data",36.720770125,0.000247375,0xCB
"Async Serial [1]","data",36.721023375,0.000247375,0xFB
"Async Serial [1]","data",38.307280625,0.000247375,0x54
"Async Serial [1]","data",38.307533875,0.000247375,0x51
"Async Serial [1]","data",38.307787125,0.000247375,0x46
"Async Serial [1]","data",38.30804025,0.000247375,0x0F
"Async Serial [1]","data",38.3082935,0.000247375,0x02
"Async Serial [1]","data",38.308546625,0.000247375,0x52
"Async Serial [1]","data",38.308799875,0.000247375,0x8F
"Async Serial [1]","data",38.309053,0.000247375,0xC8
"Async Serial [1]","data",38.30930625,0.000247375,0x01
"Async Serial [1]","data",38.309559375,0.000247375,0x00
"Async Serial [1]","data",38.309812625,0.000247375,0x00
"Async Serial [1]","data",38.31006575,0.000247375,0x88
"Async Serial [1]","data",38.310319,0.000247375,0x13
"Async Serial [1]","data",38.31159825,0.000247375,0x54
"Async Serial [1]","data",38.31185175,0.000247375,0x52
"Async Serial [1]","data",38.312105375,0.000247375,0x42
"Async Serial [1]","data",38.312358875,0.000247375,0x02
"Async Serial [1]","data",38.312612375,0.000247375,0x0F
"Async Serial [1]","data",38.312866,0.000247375,0x52
"Async Serial [1]","data",38.3131195,0.000247375,0x8F
"Async Serial [1]","data",38.313373125,0.000247375,0x67
"Async Serial [1]","data",38.313626625,0.000247375,0xDC
"Async Serial [1]","data",38.3154775,0.000247375,0x54
"Async Serial [1]","data",38.315731125,0.000247375,0x51
"Async Serial [1]","data",38.315984625,0.000247375,0x46
"Async Serial [1]","data",38.31623825,0.000247375,0x02
"Async Serial [1]","data",38.31649175,0.000247375,0x0F
"Async Serial [1]","data",38.31674525,0.000247375,0x52
"Async Serial [1]","data",38.316998875,0.000247375,0xFB
"Async Serial [1]","data",38.317252375,0.000247375,0x0A
"Async Serial [1]","data",38.317506,0.000247375,0x01
"Async Serial [1]","data",38.3177595,0.000247375,0x00
"Async Serial [1]","data",38.318013,0.000247375,0x01
"Async Serial [1]","data",38.318266625,0.000247375,0xEE
"Async Serial [1]","data",38.318520125,0.000247375,0x10
"Async Serial [1]","data",38.3197125,0.000247375,0x54
"Async Serial [1]","data",38.319965625,0.000247375,0x52
"Async Serial [1]","data",38.320218875,0.000247375,0x43
"Async Serial [1]","data",38.320472125,0.000247375,0x0F
"Async Serial [1]","data",38.32072525,0.000247375,0x02
"Async Serial [1]","data",38.3209785,0.000247375,0x52
"Async Serial [1]","data",38.321231625,0.000247375,0xFB
"Async Serial [1]","data",38.321484875,0.000247375,0x0A
"Async Serial [1]","data",38.321738,0.000247375,0xF8
"Async Serial [1]","data",38.32199125,0.000247375,0xCA
"Async Serial [1]","data",39.307237625,0.000247375,0x54
"Async Serial [1]","data",39.307491125,0.000247375,0x51
"Async Serial [1]","data",39.307744625,0.000247375,0x46
"Async Serial [1]","data",39.30799825,0.000247375,0x02
"Async Serial [1]","data",39.30825175,0.000247375,0x0F
"Async Serial [1]","data",39.308505375,0.000247375,0x52
"Async Serial [1]","data",39.308758875,0.000247375,0xFC
"Async Serial [1]","data",39.309012375,0.000247375,0x0A
"Async Serial [1]","data",39.309266,0.000247375,0x01
"Async Serial [1]","data",39.3095195,0.000247375,0x00
"Async Serial [1]","data",39.309773125,0.000247375,0x01
"Async Serial [1]","data",39.310026625,0.000247375,0x89
"Async Serial [1]","data",39.310280125,0.000247375,0xC4
"Async Serial [1]","data",39.311471375,0.000247375,0x54
"Async Serial [1]","data",39.311724625,0.000247375,0x52
"Async Serial [1]","data",39.31197775,0.000247375,0x43
"Async Serial [1]","data",39.312231,0.000247375,0x0F
"Async Serial [1]","data",39.312484125,0.000247375,0x02
"Async Serial [1]","data",39.312737375,0.000247375,0x52
"Async Serial [1]","data",39.312990625,0.000247375,0xFC
"Async Serial [1]","data",39.31324375,0.000247375,0x0A
"Async Serial [1]","data",39.313497,0.000247375,0x61
"Async Serial [1]","data",39.313750125,0.000247375,0x5D
"Async Serial [1]","data",39.45809975,0.000247375,0x54
"Async Serial [1]","data",39.45835325,0.000247375,0x51
"Async Serial [1]","data",39.458606875,0.000247375,0x46
"Async Serial [1]","data",39.458860375,0.000247375,0x02
"Async Serial [1]","data",39.459114,0.000247375,0x0F
"Async Serial [1]","data",39.4593675,0.000247375,0x52
"Async Serial [1]","data",39.459621,0.000247375,0xFD
"Async Serial [1]","data",39.459874625,0.000247375,0x0A
"Async Serial [1]","data",39.460128125,0.000247375,0x01
"Async Serial [1]","data",39.460381625,0.000247375,0x00
"Async Serial [1]","data",39.46063525,0.000247375,0x01
"Async Serial [1]","data",39.46088875,0.000247375,0x23
"Async Serial [1]","data",39.461142375,0.000247375,0x95
"Async Serial [1]","data",39.462349375,0.000247375,0x54
"Async Serial [1]","data",39.462602625,0.000247375,0x52
"Async Serial [1]","data",39.46285575,0.000247375,0x43
"Async Serial [1]","data",39.463109,0.000247375,0x0F
"Async Serial [1]","data",39.463362125,0.000247375,0x02
"Async Serial [1]","data",39.463615375,0.000247375,0x52
"Async Serial [1]","data",39.463868625,0.000247375,0xFD
"Async Serial [1]","data",39.46412175,0.000247375,0x0A
"Async Serial [1]","data",39.464375,0.000247375,0x52
"Async Serial [1]","data",39.464628125,0.000247375,0x6C
"Async Serial [1]","data",41.177077125,0.000247375,0x54
"Async Serial [1]","data",41.17733025,0.000247375,0x51
"Async Serial [1]","data",41.1775835,0.000247375,0x46
"Async Serial [1]","data",41.177836625,0.000247375,0x0F
"Async Serial [1]","data",41.178089875,0.000247375,0x02
"Async Serial [1]","data",41.178343125,0.000247375,0x52
"Async Serial [1]","data",41.17859625,0.000247375,0x90
"Async Serial [1]","data",41.1788495,0.000247375,0xC8
"Async Serial [1]","data",41.179102625,0.000247375,0x01
"Async Serial [1]","data",41.179355875,0.000247375,0x00
"Async Serial [1]","data",41.179609,0.000247375,0x00
"Async Serial [1]","data",41.17986225,0.000247375,0xE9
"Async Serial [1]","data",41.180115375,0.000247375,0xB0
"Async Serial [1]","data",41.181401625,0.000247375,0x54
"Async Serial [1]","data",41.181655125,0.000247375,0x52
"Async Serial [1]","data",41.181908625,0.000247375,0x42
"Async Serial [1]","data",41.18216225,0.000247375,0x02
"Async Serial [1]","data",41.18241575,0.000247375,0x0F
"Async Serial [1]","data",41.182669375,0.000247375,0x52
"Async Serial [1]","data",41.182922875,0.000247375,0x90
"Async Serial [1]","data",41.183176375,0.000247375,0x84
"Async Serial [1]","data",41.18343,0.000247375,0x02
"Async Serial [1]","data",41.2047535,0.000247375,0x54
"Async Serial [1]","data",41.205007125,0.000247375,0x51
"Async Serial [1]","data",41.205260625,0.000247375,0x46
"Async Serial [1]","data",41.205514125,0.000247375,0x02
"Async Serial [1]","data",41.20576775,0.000247375,0x0F
"Async Serial [1]","data",41.20602125,0.000247375,0x52
"Async Serial [1]","data",41.206274875,0.000247375,0xFE
"Async Serial [1]","data",41.206528375,0.000247375,0x0A
"Async Serial [1]","data",41.206781875,0.000247375,0x02
"Async Serial [1]","data",41.2070355,0.000247375,0x00
"Async Serial [1]","data",41.207289,0.000247375,0x01
"Async Serial [1]","data",41.207542625,0.000247375,0x94
"Async Serial [1]","data",41.207796125,0.000247375,0x17
"Async Serial [1]","data",41.209004875,0.000247375,0x54
"Async Serial [1]","data",41.209258,0.000247375,0x52
"Async Serial [1]","data",41.20951125,0.000247375,0x43
"Async Serial [1]","data",41.209764375,0.000247375,0x0F
"Async Serial [1]","data",41.210017625,0.000247375,0x02
"Async Serial [1]","data",41.210270875,0.000247375,0x52
"Async Serial [1]","data",41.210524,0.000247375,0xFE
"Async Serial [1]","data",41.21077725,0.000247375,0x0A
"Async Serial [1]","data",41.211030375,0.000247375,0x07
"Async Serial [1]","data",41.211283625,0.000247375,0x3F
"Async Serial [1]","data",42.181097625,0.000247375,0x54
"Async Serial [1]","data",42.181351125,0.000247375,0x51
"Async Serial [1]","data",42.181604625,0.000247375,0x46
"Async Serial [1]","data",42.18185825,0.000247375,0x02
"Async Serial [1]","data",42.18211175,0.000247375,0x0F
"Async Serial [1]","data",42.182365375,0.000247375,0x52
"Async Serial [1]","data",42.182618875,0.000247375,0xFF
"Async Serial [1]","data",42.182872375,0.000247375,0x0A
"Async Serial [1]","data",42.183126,0.000247375,0x02
"Async Serial [1]","data",42.1833795,0.000247375,0x00
"Async Serial [1]","data",42.183633125,0.000247375,0x01
"Async Serial [1]","data",42.183886625,0.000247375,0x3E
"Async Serial [1]","data",42.184140125,0.000247375,0x46
"Async Serial [1]","data",42.185344,0.000247375,0x54
"Async Serial [1]","data",42.185597125,0.000247375,0x52
"Async Serial [1]","data",42.185850375,0.000247375,0x43
"Async Serial [1]","data",42.1861035,0.000247375,0x0F
"Async Serial [1]","data",42.18635675,0.000247375,0x02
"Async Serial [1]","data",42.186609875,0.000247375,0x52
"Async Serial [1]","data",42.186863125,0.000247375,0xFF
"Async Serial [1]","data",42.187116375,0.000247375,0x0A
"Async Serial [1]","data",42.1873695,0.000247375,0x34
"Async Serial [1]","data",42.18762275,0.000247375,0x0E
"Async Serial [1]","data",42.212334875,0.000247375,0x54
"Async Serial [1]","data",42.2125885,0.000247375,0x51
"Async Serial [1]","data",42.212842,0.000247375,0x46
"Async Serial [1]","data",42.2130955,0.000247375,0x02
"Async Serial [1]","data",42.213349125,0.000247375,0x0F
"Async Serial [1]","data",42.213602625,0.000247375,0x52
"Async Serial [1]","data",42.21385625,0.000247375,0x00
"Async Serial [1]","data",42.21410975,0.000247375,0x0A
"Async Serial [1]","data",42.21436325,0.000247375,0x02
"Async Serial [1]","data",42.214616875,0.000247375,0x00
"Async Serial [1]","data",42.214870375,0.000247375,0x01
"Async Serial [1]","data",42.215124,0.000247375,0x64
"Async Serial [1]","data",42.2153775,0.000247375,0xE9
"Async Serial [1]","data",42.216588,0.000247375,0x54
"Async Serial [1]","data",42.21684125,0.000247375,0x52
"Async Serial [1]","data",42.217094375,0.000247375,0x43
"Async Serial [1]","data",42.217347625,0.000247375,0x0F
"Async Serial [1]","data",42.21760075,0.000247375,0x02
"Async Serial [1]","data",42.217854,0.000247375,0x52
"Async Serial [1]","data",42.218107125,0.000247375,0x00
"Async Serial [1]","data",42.218360375,0.000247375,0x0A
"Async Serial [1]","data",42.218613625,0.000247375,0x37
"Async Serial [1]","data",42.21886675,0.000247375,0xF1
"Async Serial [1]","data",44.046872375,0.000247375,0x54
"Async Serial [1]","data",44.047125625,0.000247375,0x51
"Async Serial [1]","data",44.04737875,0.000247375,0x46
"Async Serial [1]","data",44.047632,0.000247375,0x0F
"Async Serial [1]","data",44.047885125,0.000247375,0x02
"Async Serial [1]","data",44.048138375,0.000247375,0x52
"Async Serial [1]","data",44.048391625,0.000247375,0x91
"Async Serial [1]","data",44.04864475,0.000247375,0xC8
"Async Serial [1]","data",44.048898,0.000247375,0x01
"Async Serial [1]","data",44.049151125,0.000247375,0x00
"Async Serial [1]","data",44.049404375,0.000247375,0x00
"Async Serial [1]","data",44.0496575,0.000247375,0x43
"Async Serial [1]","data",44.04991075,0.000247375,0xE1
"Async Serial [1]","data",44.051128375,0.000247375,0x54
"Async Serial [1]","data",44.051381875,0.000247375,0x52
"Async Serial [1]","data",44.0516355,0.000247375,0x42
"Async Serial [1]","data",44.051889,0.000247375,0x02
"Async Serial [1]","data",44.0521425,0.000247375,0x0F
"Async Serial [1]","data",44.052396125,0.000247375,0x52
"Async Serial [1]","data",44.052649625,0.000247375,0x91
"Async Serial [1]","data",44.05290325,0.000247375,0x94
"Async Serial [1]","data",44.05315675,0.000247375,0x23
"Async Serial [1]","data",44.05533725,0.000247375,0x54
"Async Serial [1]","data",44.055590875,0.000247375,0x51
"Async Serial [1]","data",44.055844375,0.000247375,0x46
"Async Serial [1]","data",44.056097875,0.000247375,0x02
"Async Serial [1]","data",44.0563515,0.000247375,0x0F
"Async Serial [1]","data",44.056605,0.000247375,0x52
"Async Serial [1]","data",44.056858625,0.000247375,0x01
"Async Serial [1]","data",44.057112125,0.000247375,0x0A
"Async Serial [1]","data",44.057365625,0.000247375,0x03
"Async Serial [1]","data",44.05761925,0.000247375,0x00
"Async Serial [1]","data",44.05787275,0.000247375,0x01
"Async Serial [1]","data",44.058126375,0.000247375,0xF9
"Async Serial [1]","data",44.058379875,0.000247375,0x88
"Async Serial [1]","data",44.05958275,0.000247375,0x54
"Async Serial [1]","data",44.059835875,0.000247375,0x52
"Async Serial [1]","data",44.060089125,0.000247375,0x43
"Async Serial [1]","data",44.060342375,0.000247375,0x0F
"Async Serial [1]","data",44.0605955,0.000247375,0x02
"Async Serial [1]","data",44.06084875,0.000247375,0x52
"Async Serial [1]","data",44.061101875,0.000247375,0x01
"Async Serial [1]","data",44.061355125,0.000247375,0x0A
"Async Serial [1]","data",44.06160825,0.000247375,0x04
"Async Serial [1]","data",44.0618615,0.000247375,0xC0
"Async Serial [1]","data",45.05493175,0.000247375,0x54
"Async Serial [1]","data",45.055185375,0.000247375,0x51
"Async Serial [1]","data",45.055438875,0.000247375,0x46
"Async Serial [1]","data",45.055692375,0.000247375,0x02
"Async Serial [1]","data",45.055946,0.000247375,0x0F
"Async Serial [1]","data",45.0561995,0.000247375,0x52
"Async Serial [1]","data",45.056453125,0.000247375,0x02
"Async Serial [1]","data",45.056706625,0.000247375,0x0A
"Async Serial [1]","data",45.056960125,0.000247375,0x03
"Async Serial [1]","data",45.05721375,0.000247375,0x00
"Async Serial [1]","data",45.05746725,0.000247375,0x01
"Async Serial [1]","data",45.057720875,0.000247375,0x17
"Async Serial [1]","data",45.057974375,0.000247375,0x5A
"Async Serial [1]","data",45.059189875,0.000247375,0x54
"Async Serial [1]","data",45.059443125,0.000247375,0x52
"Async Serial [1]","data",45.05969625,0.000247375,0x43
"Async Serial [1]","data",45.0599495,0.000247375,0x0F
"Async Serial [1]","data",45.060202625,0.000247375,0x02
"Async Serial [1]","data",45.060455875,0.000247375,0x52
"Async Serial [1]","data",45.060709,0.000247375,0x02
"Async Serial [1]","data",45.06096225,0.000247375,0x0A
"Async Serial [1]","data",45.0612155,0.000247375,0x51
"Async Serial [1]","data",45.061468625,0.000247375,0x93
"Async Serial [1]","data",45.2057685,0.000247375,0x54
"Async Serial [1]","data",45.206022125,0.000247375,0x51
"Async Serial [1]","data",45.206275625,0.000247375,0x46
"Async Serial [1]","data",45.206529125,0.000247375,0x02
"Async Serial [1]","data",45.20678275,0.000247375,0x0F
"Async Serial [1]","data",45.20703625,0.000247375,0x52
"Async Serial [1]","data",45.207289875,0.000247375,0x03
"Async Serial [1]","data",45.207543375,0.000247375,0x0A
"Async Serial [1]","data",45.207796875,0.000247375,0x03
"Async Serial [1]","data",45.2080505,0.000247375,0x00
"Async Serial [1]","data",45.208304,0.000247375,0x01
"Async Serial [1]","data",45.208557625,0.000247375,0xBD
"Async Serial [1]","data",45.208811125,0.000247375,0x0B
"Async Serial [1]","data",45.210042375,0.000247375,0x54
"Async Serial [1]","data",45.210295625,0.000247375,0x52
"Async Serial [1]","data",45.210548875,0.000247375,0x43
"Async Serial [1]","data",45.210802,0.000247375,0x0F
"Async Serial [1]","data",45.21105525,0.000247375,0x02
"Async Serial [1]","data",45.211308375,0.000247375,0x52
"Async Serial [1]","data",45.211561625,0.000247375,0x03
"Async Serial [1]","data",45.21181475,0.000247375,0x0A
"Async Serial [1]","data",45.212068,0.000247375,0x62
"Async Serial [1]","data",45.212321125,0.000247375,0xA2
"Async Serial [1]","data",47.041693375,0.000247375,0x54
"Async Serial [1]","data",47.041946625,0.000247375,0x51
"Async Serial [1]","data",47.04219975,0.000247375,0x46
"Async Serial [1]","data",47.042453,0.000247375,0x0F
"Async Serial [1]","data",47.042706125,0.000247375,0x02
"Async Serial [1]","data",47.042959375,0.000247375,0x52
"Async Serial [1]","data",47.0432125,0.000247375,0x92
"Async Serial [1]","data",47.04346575,0.000247375,0xC8
"Async Serial [1]","data",47.043719,0.000247375,0x01
"Async Serial [1]","data",47.043972125,0.000247375,0x00
"Async Serial [1]","data",47.044225375,0.000247375,0x00
"Async Serial [1]","data",47.0444785,0.000247375,0xAD
"Async Serial [1]","data",47.04473175,0.000247375,0x33
"Async Serial [1]","data",47.045981625,0.000247375,0x54
"Async Serial [1]","data",47.046235125,0.000247375,0x52
"Async Serial [1]","data",47.04648875,0.000247375,0x42
"Async Serial [1]","data",47.04674225,0.000247375,0x02
"Async Serial [1]","data",47.046995875,0.000247375,0x0F
"Async Serial [1]","data",47.047249375,0.000247375,0x52
"Async Serial [1]","data",47.047502875,0.000247375,0x92
"Async Serial [1]","data",47.0477565,0.000247375,0xA4
"Async Serial [1]","data",47.04801,0.000247375,0x40
"Async Serial [1]","data",47.06956175,0.000247375,0x54
"Async Serial [1]","data",47.06981525,0.000247375,0x51
"Async Serial [1]","data",47.070068875,0.000247375,0x46
"Async Serial [1]","data",47.070322375,0.000247375,0x02
"Async Serial [1]","data",47.070576,0.000247375,0x0F
"Async Serial [1]","data",47.0708295,0.000247375,0x52
"Async Serial [1]","data",47.071083,0.000247375,0x04
"Async Serial [1]","data",47.071336625,0.000247375,0x0A
"Async Serial [1]","data",47.071590125,0.000247375,0x04
"Async Serial [1]","data",47.07184375,0.000247375,0x00
"Async Serial [1]","data",47.07209725,0.000247375,0x01
"Async Serial [1]","data",47.07235075,0.000247375,0x5F
"Async Serial [1]","data",47.072604375,0.000247375,0x4F
"Async Serial [1]","data",47.073849,0.000247375,0x54
"Async Serial [1]","data",47.07410225,0.000247375,0x52
"Async Serial [1]","data",47.074355375,0.000247375,0x43
"Async Serial [1]","data",47.074608625,0.000247375,0x0F
"Async Serial [1]","data",47.07486175,0.000247375,0x02
"Async Serial [1]","data",47.075115,0.000247375,0x52
"Async Serial [1]","data",47.075368125,0.000247375,0x04
"Async Serial [1]","data",47.075621375,0.000247375,0x0A
"Async Serial [1]","data",47.075874625,0.000247375,0xFB
"Async Serial [1]","data",47.07612775,0.000247375,0x35
"Async Serial [1]","data",48.02247775,0.000247375,0x54
"Async Serial [1]","data",48.02273125,0.000247375,0x51
"Async Serial [1]","data",48.02298475,0.000247375,0x46
"Async Serial [1]","data",48.023238375,0.000247375,0x02
"Async Serial [1]","data",48.023491875,0.000247375,0x0F
"Async Serial [1]","data",48.0237455,0.000247375,0x52
"Async Serial [1]","data",48.023999,0.000247375,0x05
"Async Serial [1]","data",48.0242525,0.000247375,0x0A
"Async Serial [1]","data",48.024506125,0.000247375,0x04
"Async Serial [1]","data",48.024759625,0.000247375,0x00
"Async Serial [1]","data",48.02501325,0.000247375,0x01
"Async Serial [1]","data",48.02526675,0.000247375,0xF5
"Async Serial [1]","data",48.02552025,0.000247375,0x1E
"Async Serial [1]","data",48.026742,0.000247375,0x54
"Async Serial [1]","data",48.026995125,0.000247375,0x52
"Async Serial [1]","data",48.027248375,0.000247375,0x43
"Async Serial [1]","data",48.0275015,0.000247375,0x0F
"Async Serial [1]","data",48.02775475,0.000247375,0x02
"Async Serial [1]","data",48.028007875,0.000247375,0x52
"Async Serial [1]","data",48.028261125,0.000247375,0x05
"Async Serial [1]","data",48.02851425,0.000247375,0x0A
"Async Serial [1]","data",48.0287675,0.000247375,0xC8
"Async Serial [1]","data",48.02902075,0.000247375,0x04
"Async Serial [1]","data",48.20990175,0.000247375,0x54
"Async Serial [1]","data",48.21015525,0.000247375,0x51
"Async Serial [1]","data",48.21040875,0.000247375,0x46
"Async Serial [1]","data",48.210662375,0.000247375,0x02
"Async Serial [1]","data",48.210915875,0.000247375,0x0F
"Async Serial [1]","data",48.2111695,0.000247375,0x52
"Async Serial [1]","data",48.211423,0.000247375,0x06
"Async Serial [1]","data",48.2116765,0.000247375,0x0A
"Async Serial [1]","data",48.211930125,0.000247375,0x04
"Async Serial [1]","data",48.212183625,0.000247375,0x00
"Async Serial [1]","data",48.21243725,0.000247375,0x01
"Async Serial [1]","data",48.21269075,0.000247375,0x1B
"Async Serial [1]","data",48.21294425,0.000247375,0xCC
"Async Serial [1]","data",48.21413025,0.000247375,0x54
"Async Serial [1]","data",48.2143835,0.000247375,0x52
"Async Serial [1]","data",48.214636625,0.000247375,0x43
"Async Serial [1]","data",48.214889875,0.000247375,0x0F
"Async Serial [1]","data",48.215143,0.000247375,0x02
"Async Serial [1]","data",48.21539625,0.000247375,0x52
"Async Serial [1]","data",48.2156495,0.000247375,0x06
"Async Serial [1]","data",48.215902625,0.000247375,0x0A
"Async Serial [1]","data",48.216155875,0.000247375,0x9D
"Async Serial [1]","data",48.216409,0.000247375,0x57
"Async Serial [1]","data",49.786460625,0.000247375,0x54
"Async Serial [1]","data",49.786713875,0.000247375,0x51
"Async Serial [1]","data",49.786967,0.000247375,0x46
"Async Serial [1]","data",49.78722025,0.000247375,0x0F
"Async Serial [1]","data",49.787473375,0.000247375,0x02
"Async Serial [1]","data",49.787726625,0.000247375,0x52
"Async Serial [1]","data",49.787979875,0.000247375,0x93
"Async Serial [1]","data",49.788233,0.000247375,0xC8
"Async Serial [1]","data",49.78848625,0.000247375,0x01
"Async Serial [1]","data",49.788739375,0.000247375,0x00
"Async Serial [1]","data",49.788992625,0.000247375,0x00
"Async Serial [1]","data",49.78924575,0.000247375,0x07
"Async Serial [1]","data",49.789499,0.000247375,0x62
"Async Serial [1]","data",49.79070825,0.000247375,0x54
"Async Serial [1]","data",49.79096175,0.000247375,0x52
"Async Serial [1]","data",49.791215375,0.000247375,0x42
"Async Serial [1]","data",49.791468875,0.000247375,0x02
"Async Serial [1]","data",49.791722375,0.000247375,0x0F
"Async Serial [1]","data",49.791976,0.000247375,0x52
"Async Serial [1]","data",49.7922295,0.000247375,0x93
"Async Serial [1]","data",49.792483125,0.000247375,0xB4
"Async Serial [1]","data",49.792736625,0.000247375,0x61
"Async Serial [1]","data",49.795196,0.000247375,0x54
"Async Serial [1]","data",49.795449625,0.000247375,0x51
"Async Serial [1]","data",49.795703125,0.000247375,0x46
"Async Serial [1]","data",49.79595675,0.000247375,0x02
"Async Serial [1]","data",49.79621025,0.000247375,0x0F
"Async Serial [1]","data",49.79646375,0.000247375,0x52
"Async Serial [1]","data",49.796717375,0.000247375,0x07
"Async Serial [1]","data",49.796970875,0.000247375,0x0A
"Async Serial [1]","data",49.7972245,0.000247375,0x01
"Async Serial [1]","data",49.797478,0.000247375,0x00
"Async Serial [1]","data",49.7977315,0.000247375,0x01
"Async Serial [1]","data",49.797985125,0.000247375,0x5A
"Async Serial [1]","data",49.798238625,0.000247375,0x6D
"Async Serial [1]","data",49.7994495,0.000247375,0x54
"Async Serial [1]","data",49.799702625,0.000247375,0x52
"Async Serial [1]","data",49.799955875,0.000247375,0x43
"Async Serial [1]","data",49.800209,0.000247375,0x0F
"Async Serial [1]","data",49.80046225,0.000247375,0x02
"Async Serial [1]","data",49.8007155,0.000247375,0x52
"Async Serial [1]","data",49.800968625,0.000247375,0x07
"Async Serial [1]","data",49.801221875,0.000247375,0x0A
"Async Serial [1]","data",49.801475,0.000247375,0xAE
"Async Serial [1]","data",49.80172825,0.000247375,0x66
"Async Serial [1]","data",50.771337125,0.000247375,0x54
"Async Serial [1]","data",50.77159075,0.000247375,0x51
"Async Serial [1]","data",50.77184425,0.000247375,0x46
"Async Serial [1]","data",50.772097875,0.000247375,0x02
"Async Serial [1]","data",50.772351375,0.000247375,0x0F
"Async Serial [1]","data",50.772604875,0.000247375,0x52
"Async Serial [1]","data",50.7728585,0.000247375,0x08
"Async Serial [1]","data",50.773112,0.000247375,0x0A
"Async Serial [1]","data",50.773365625,0.000247375,0x01
"Async Serial [1]","data",50.773619125,0.000247375,0x00
"Async Serial [1]","data",50.773872625,0.000247375,0x01
"Async Serial [1]","data",50.77412625,0.000247375,0x3F
"Async Serial [1]","data",50.77437975,0.000247375,0x94
"Async Serial [1]","data",50.77558525,0.000247375,0x54
"Async Serial [1]","data",50.7758385,0.000247375,0x52
"Async Serial [1]","data",50.776091625,0.000247375,0x43
"Async Serial [1]","data",50.776344875,0.000247375,0x0F
"Async Serial [1]","data",50.776598,0.000247375,0x02
"Async Serial [1]","data",50.77685125,0.000247375,0x52
"Async Serial [1]","data",50.777104375,0.000247375,0x08
"Async Serial [1]","data",50.777357625,0.000247375,0x0A
"Async Serial [1]","data",50.777610875,0.000247375,0xBE
"Async Serial [1]","data",50.777864,0.000247375,0x58
"Async Serial [1]","data",50.9587865,0.000247375,0x54
"Async Serial [1]","data",50.959040125,0.000247375,0x51
"Async Serial [1]","data",50.959293625,0.000247375,0x46
"Async Serial [1]","data",50.959547125,0.000247375,0x02
"Async Serial [1]","data",50.95980075,0.000247375,0x0F
"Async Serial [1]","data",50.96005425,0.000247375,0x52
"Async Serial [1]","data",50.960307875,0.000247375,0x09
"Async Serial [1]","data",50.960561375,0.000247375,0x0A
"Async Serial [1]","data",50.960814875,0.000247375,0x01
"Async Serial [1]","data",50.9610685,0.000247375,0x00
"Async Serial [1]","data",50.961322,0.000247375,0x01
"Async Serial [1]","data",50.961575625,0.000247375,0x95
"Async Serial [1]","data",50.961829125,0.000247375,0xC5
"Async Serial [1]","data",50.9630495,0.000247375,0x54
"Async Serial [1]","data",50.96330275,0.000247375,0x52
"Async Serial [1]","data",50.963555875,0.000247375,0x43
"Async Serial [1]","data",50.963809125,0.000247375,0x0F
"Async Serial [1]","data",50.96406225,0.000247375,0x02
"Async Serial [1]","data",50.9643155,0.000247375,0x52
"Async Serial [1]","data",50.964568625,0.000247375,0x09
"Async Serial [1]","data",50.964821875,0.000247375,0x0A
"Async Serial [1]","data",50.965075125,0.000247375,0x8D
"Async Serial [1]","data",50.96532825,0.000247375,0x69
"Async Serial [1]","data",52.531734,0.000247375,0x54
"Async Serial [1]","data",52.53198725,0.000247375,0x51
"Async Serial [1]","data",52.532240375,0.000247375,0x46
"Async Serial [1]","data",52.532493625,0.000247375,0x0F
"Async Serial [1]","data",52.53274675,0.000247375,0x02
"Async Serial [1]","data",52.533,0.000247375,0x52
"Async Serial [1]","data",52.533253125,0.000247375,0x94
"Async Serial [1]","data",52.533506375,0.000247375,0xC8
"Async Serial [1]","data",52.5337595,0.000247375,0x01
"Async Serial [1]","data",52.53401275,0.000247375,0x00
"Async Serial [1]","data",52.534265875,0.000247375,0x00
"Async Serial [1]","data",52.534519125,0.000247375,0x60
"Async Serial [1]","data",52.534772375,0.000247375,0xB6
"Async Serial [1]","data",52.53599275,0.000247375,0x54
"Async Serial [1]","data",52.536246375,0.000247375,0x52
"Async Serial [1]","data",52.536499875,0.000247375,0x42
"Async Serial [1]","data",52.536753375,0.000247375,0x02
"Async Serial [1]","data",52.537007,0.000247375,0x0F
"Async Serial [1]","data",52.5372605,0.000247375,0x52
"Async Serial [1]","data",52.537514125,0.000247375,0x94
"Async Serial [1]","data",52.537767625,0.000247375,0xC4
"Async Serial [1]","data",52.538021125,0.000247375,0x86
"Async Serial [1]","data",52.5595475,0.000247375,0x54
"Async Serial [1]","data",52.559801125,0.000247375,0x51
"Async Serial [1]","data",52.560054625,0.000247375,0x46
"Async Serial [1]","data",52.56030825,0.000247375,0x02
"Async Serial [1]","data",52.56056175,0.000247375,0x0F
"Async Serial [1]","data",52.56081525,0.000247375,0x52
"Async Serial [1]","data",52.561068875,0.000247375,0x0A
"Async Serial [1]","data",52.561322375,0.000247375,0x0A
"Async Serial [1]","data",52.561576,0.000247375,0x02
"Async Serial [1]","data",52.5618295,0.000247375,0x00
"Async Serial [1]","data",52.562083,0.000247375,0x01
"Async Serial [1]","data",52.562336625,0.000247375,0x22
"Async Serial [1]","data",52.562590125,0.000247375,0x47
"Async Serial [1]","data",52.563813625,0.000247375,0x54
"Async Serial [1]","data",52.564066875,0.000247375,0x52
"Async Serial [1]","data",52.56432,0.000247375,0x43
"Async Serial [1]","data",52.56457325,0.000247375,0x0F
"Async Serial [1]","data",52.564826375,0.000247375,0x02
"Async Serial [1]","data",52.565079625,0.000247375,0x52
"Async Serial [1]","data",52.56533275,0.000247375,0x0A
"Async Serial [1]","data",52.565586,0.000247375,0x0A
"Async Serial [1]","data",52.56583925,0.000247375,0xD8
"Async Serial [1]","data",52.566092375,0.000247375,0x3A
"Async Serial [1]","data",53.520247625,0.000247375,0x54
"Async Serial [1]","data",53.520501125,0.000247375,0x51
"Async Serial [1]","data",53.520754625,0.000247375,0x46
"Async Serial [1]","data",53.52100825,0.000247375,0x02
"Async Serial [1]","data",53.52126175,0.000247375,0x0F
"Async Serial [1]","data",53.521515375,0.000247375,0x52
"Async Serial [1]","data",53.521768875,0.000247375,0x0B
"Async Serial [1]","data",53.522022375,0.000247375,0x0A
"Async Serial [1]","data",53.522276,0.000247375,0x02
"Async Serial [1]","data",53.5225295,0.000247375,0x00
"Async Serial [1]","data",53.522783125,0.000247375,0x01
"Async Serial [1]","data",53.523036625,0.000247375,0x88
"Async Serial [1]","data",53.523290125,0.000247375,0x16
"Async Serial [1]","data",53.52450475,0.000247375,0x54
"Async Serial [1]","data",53.524757875,0.000247375,0x52
"Async Serial [1]","data",53.525011125,0.000247375,0x43
"Async Serial [1]","data",53.525264375,0.000247375,0x0F
"Async Serial [1]","data",53.5255175,0.000247375,0x02
"Async Serial [1]","data",53.52577075,0.000247375,0x52
"Async Serial [1]","data",53.526023875,0.000247375,0x0B
"Async Serial [1]","data",53.526277125,0.000247375,0x0A
"Async Serial [1]","data",53.52653025,0.000247375,0xEB
"Async Serial [1]","data",53.5267835,0.000247375,0x0B
"Async Serial [1]","data",53.702321625,0.000247375,0x54
"Async Serial [1]","data",53.702575125,0.000247375,0x51
"Async Serial [1]","data",53.70282875,0.000247375,0x46
"Async Serial [1]","data",53.70308225,0.000247375,0x02
"Async Serial [1]","data",53.703335875,0.000247375,0x0F
"Async Serial [1]","data",53.703589375,0.000247375,0x52
"Async Serial [1]","data",53.703842875,0.000247375,0x0C
"Async Serial [1]","data",53.7040965,0.000247375,0x0A
"Async Serial [1]","data",53.70435,0.000247375,0x02
"Async Serial [1]","data",53.704603625,0.000247375,0x00
"Async Serial [1]","data",53.704857125,0.000247375,0x01
"Async Serial [1]","data",53.705110625,0.000247375,0xEF
"Async Serial [1]","data",53.70536425,0.000247375,0xC2
"Async Serial [1]","data",53.706576,0.000247375,0x54
"Async Serial [1]","data",53.706829125,0.000247375,0x52
"Async Serial [1]","data",53.707082375,0.000247375,0x43
"Async Serial [1]","data",53.7073355,0.000247375,0x0F
"Async Serial [1]","data",53.70758875,0.000247375,0x02
"Async Serial [1]","data",53.707842,0.000247375,0x52
"Async Serial [1]","data",53.708095125,0.000247375,0x0C
"Async Serial [1]","data",53.708348375,0.000247375,0x0A
"Async Serial [1]","data",53.7086015,0.000247375,0x72
"Async Serial [1]","data",53.70885475,0.000247375,0x9C
